timestamp,lot_name,occupied_spots,available_spots,total_capacity
2026-02-02 13:30,Stadium_Deck,3,1,4
2026-02-02 13:30,Athletics_Deck,4,0,4
2026-02-02 13:30,Haley_Deck,2,0,2
2026-02-02 13:45,Stadium_Deck,3,1,4
2026-02-02 13:45,Athletics_Deck,4,0,4
2026-02-02 13:45,Haley_Deck,2,0,2
2026-02-02 14:00,Stadium_Deck,4,0,4
2026-02-02 14:00,Athletics_Deck,4,0,4
2026-02-02 14:00,Haley_Deck,2,0,2
2026-02-02 14:15,Stadium_Deck,3,1,4
2026-02-02 14:15,Athletics_Deck,4,0,4
2026-02-02 14:15,Haley_Deck,2,0,2
2026-02-02 14:20,Stadium_Deck,3,1,4
2026-02-02 14:20,Athletics_Deck,4,0,4
2026-02-02 14:20,Haley_Deck,2,0,2
2026-02-02 14:25,Stadium_Deck,3,1,4
2026-02-02 14:25,Athletics_Deck,3,1,4
2026-02-02 14:25,Haley_Deck,2,0,2
2026-02-02 14:30,Stadium_Deck,3,1,4
2026-02-02 14:30,Athletics_Deck,3,1,4
2026-02-02 14:30,Haley_Deck,2,0,2
2026-02-02 14:35,Stadium_Deck,3,1,4
2026-02-02 14:35,Athletics_Deck,3,1,4
2026-02-02 14:35,Haley_Deck,2,0,2
2026-02-02 14:40,Stadium_Deck,3,1,4
2026-02-02 14:40,Athletics_Deck,3,1,4
2026-02-02 14:40,Haley_Deck,2,0,2
2026-02-02 14:45,Stadium_Deck,2,2,4
2026-02-02 14:45,Athletics_Deck,3,1,4
2026-02-02 14:45,Haley_Deck,2,0,2
2026-02-02 14:50,Stadium_Deck,2,2,4
2026-02-02 14:50,Athletics_Deck,3,1,4
2026-02-02 14:50,Haley_Deck,2,0,2
2026-02-02 14:55,Stadium_Deck,2,2,4
2026-02-02 14:55,Athletics_Deck,2,2,4
2026-02-02 14:55,Haley_Deck,2,0,2
2026-02-02 15:00,Stadium_Deck,2,2,4
2026-02-02 15:00,Athletics_Deck,2,2,4
2026-02-02 15:00,Haley_Deck,2,0,2
2026-02-02 15:05,Stadium_Deck,2,2,4
2026-02-02 15:05,Athletics_Deck,2,2,4
2026-02-02 15:05,Haley_Deck,2,0,2
2026-02-02 15:10,Stadium_Deck,2,2,4
2026-02-02 15:10,Athletics_Deck,2,2,4
2026-02-02 15:10,Haley_Deck,2,0,2
2026-02-02 15:15,Stadium_Deck,3,1,4
2026-02-02 15:15,Athletics_Deck,2,2,4
2026-02-02 15:15,Haley_Deck,2,0,2
2026-02-02 15:20,Stadium_Deck,3,1,4
2026-02-02 15:20,Athletics_Deck,2,2,4
2026-02-02 15:20,Haley_Deck,2,0,2
2026-02-02 15:25,Stadium_Deck,3,1,4
2026-02-02 15:25,Athletics_Deck,2,2,4
2026-02-02 15:25,Haley_Deck,2,0,2
2026-02-02 15:30,Stadium_Deck,3,1,4
2026-02-02 15:30,Athletics_Deck,2,2,4
2026-02-02 15:30,Haley_Deck,2,0,2
2026-02-02 15:35,Stadium_Deck,3,1,4
2026-02-02 15:35,Athletics_Deck,2,2,4
2026-02-02 15:35,Haley_Deck,2,0,2
2026-02-02 15:40,Stadium_Deck,3,1,4
2026-02-02 15:40,Athletics_Deck,2,2,4
2026-02-02 15:40,Haley_Deck,2,0,2
2026-02-02 15:45,Stadium_Deck,3,1,4
2026-02-02 15:45,Athletics_Deck,3,1,4
2026-02-02 15:45,Haley_Deck,2,0,2
2026-02-02 15:50,Stadium_Deck,3,1,4
2026-02-02 15:50,Athletics_Deck,2,2,4
2026-02-02 15:50,Haley_Deck,2,0,2
2026-02-02 15:55,Stadium_Deck,1,3,4
2026-02-02 15:55,Athletics_Deck,2,2,4
2026-02-02 15:55,Haley_Deck,2,0,2
2026-02-02 16:00,Stadium_Deck,1,3,4
2026-02-02 16:00,Athletics_Deck,2,2,4
2026-02-02 16:00,Haley_Deck,2,0,2
2026-02-02 16:05,Stadium_Deck,1,3,4
2026-02-02 16:05,Athletics_Deck,2,2,4
2026-02-02 16:05,Haley_Deck,2,0,2
2026-02-02 16:10,Stadium_Deck,1,3,4
2026-02-02 16:10,Athletics_Deck,3,1,4
2026-02-02 16:10,Haley_Deck,2,0,2
2026-02-02 16:15,Stadium_Deck,1,3,4
2026-02-02 16:15,Athletics_Deck,3,1,4
2026-02-02 16:15,Haley_Deck,2,0,2
2026-02-02 16:20,Stadium_Deck,1,3,4
2026-02-02 16:20,Athletics_Deck,3,1,4
2026-02-02 16:20,Haley_Deck,1,1,2
2026-02-02 16:25,Stadium_Deck,1,3,4
2026-02-02 16:25,Athletics_Deck,4,0,4
2026-02-02 16:25,Haley_Deck,1,1,2
2026-02-02 16:30,Stadium_Deck,1,3,4
2026-02-02 16:30,Athletics_Deck,3,1,4
2026-02-02 16:30,Haley_Deck,1,1,2
2026-02-02 16:35,Stadium_Deck,2,2,4
2026-02-02 16:35,Athletics_Deck,3,1,4
2026-02-02 16:35,Haley_Deck,1,1,2
2026-02-02 16:40,Stadium_Deck,2,2,4
2026-02-02 16:40,Athletics_Deck,3,1,4
2026-02-02 16:40,Haley_Deck,1,1,2
2026-02-02 16:45,Stadium_Deck,2,2,4
2026-02-02 16:45,Athletics_Deck,3,1,4
2026-02-02 16:45,Haley_Deck,1,1,2
2026-02-02 16:50,Stadium_Deck,2,2,4
2026-02-02 16:50,Athletics_Deck,3,1,4
2026-02-02 16:50,Haley_Deck,1,1,2
2026-02-02 16:55,Stadium_Deck,2,2,4
2026-02-02 16:55,Athletics_Deck,3,1,4
2026-02-02 16:55,Haley_Deck,1,1,2
2026-02-02 17:00,Stadium_Deck,2,2,4
2026-02-02 17:00,Athletics_Deck,3,1,4
2026-02-02 17:00,Haley_Deck,2,0,2
2026-02-02 17:05,Stadium_Deck,3,1,4
2026-02-02 17:05,Athletics_Deck,3,1,4
2026-02-02 17:05,Haley_Deck,2,0,2
2026-02-02 17:10,Stadium_Deck,3,1,4
2026-02-02 17:10,Athletics_Deck,3,1,4
2026-02-02 17:10,Haley_Deck,2,0,2
2026-02-02 17:15,Stadium_Deck,3,1,4
2026-02-02 17:15,Athletics_Deck,3,1,4
2026-02-02 17:15,Haley_Deck,2,0,2
2026-02-02 17:20,Stadium_Deck,3,1,4
2026-02-02 17:20,Athletics_Deck,3,1,4
2026-02-02 17:20,Haley_Deck,2,0,2
2026-02-02 17:25,Stadium_Deck,4,0,4
2026-02-02 17:25,Athletics_Deck,4,0,4
2026-02-02 17:25,Haley_Deck,2,0,2
2026-02-02 17:30,Stadium_Deck,4,0,4
2026-02-02 17:30,Athletics_Deck,3,1,4
2026-02-02 17:30,Haley_Deck,2,0,2
2026-02-02 17:35,Stadium_Deck,4,0,4
2026-02-02 17:35,Athletics_Deck,3,1,4
2026-02-02 17:35,Haley_Deck,2,0,2
2026-02-02 17:40,Stadium_Deck,4,0,4
2026-02-02 17:40,Athletics_Deck,1,3,4
2026-02-02 17:40,Haley_Deck,2,0,2
2026-02-02 17:45,Stadium_Deck,4,0,4
2026-02-02 17:45,Athletics_Deck,1,3,4
2026-02-02 17:45,Haley_Deck,2,0,2
2026-02-02 17:50,Stadium_Deck,4,0,4
2026-02-02 17:50,Athletics_Deck,1,3,4
2026-02-02 17:50,Haley_Deck,2,0,2
2026-02-02 17:55,Stadium_Deck,4,0,4
2026-02-02 17:55,Athletics_Deck,2,2,4
2026-02-02 17:55,Haley_Deck,2,0,2
2026-02-02 18:00,Stadium_Deck,4,0,4
2026-02-02 18:00,Athletics_Deck,2,2,4
2026-02-02 18:00,Haley_Deck,2,0,2
2026-02-02 18:05,Stadium_Deck,4,0,4
2026-02-02 18:05,Athletics_Deck,1,3,4
2026-02-02 18:05,Haley_Deck,2,0,2
2026-02-02 18:10,Stadium_Deck,4,0,4
2026-02-02 18:10,Athletics_Deck,1,3,4
2026-02-02 18:10,Haley_Deck,2,0,2
2026-02-02 18:15,Stadium_Deck,4,0,4
2026-02-02 18:15,Athletics_Deck,1,3,4
2026-02-02 18:15,Haley_Deck,2,0,2
2026-02-02 18:20,Stadium_Deck,4,0,4
2026-02-02 18:20,Athletics_Deck,0,4,4
2026-02-02 18:20,Haley_Deck,2,0,2
2026-02-02 18:25,Stadium_Deck,4,0,4
2026-02-02 18:25,Athletics_Deck,0,4,4
2026-02-02 18:25,Haley_Deck,2,0,2
2026-02-02 18:30,Stadium_Deck,4,0,4
2026-02-02 18:30,Athletics_Deck,0,4,4
2026-02-02 18:30,Haley_Deck,2,0,2
2026-02-02 18:35,Stadium_Deck,3,1,4
2026-02-02 18:35,Athletics_Deck,0,4,4
2026-02-02 18:35,Haley_Deck,2,0,2
2026-02-02 18:40,Stadium_Deck,4,0,4
2026-02-02 18:40,Athletics_Deck,1,3,4
2026-02-02 18:40,Haley_Deck,2,0,2
2026-02-02 18:45,Stadium_Deck,4,0,4
2026-02-02 18:45,Athletics_Deck,1,3,4
2026-02-02 18:45,Haley_Deck,2,0,2
2026-02-02 18:50,Stadium_Deck,4,0,4
2026-02-02 18:50,Athletics_Deck,1,3,4
2026-02-02 18:50,Haley_Deck,2,0,2
2026-02-02 18:55,Stadium_Deck,4,0,4
2026-02-02 18:55,Athletics_Deck,1,3,4
2026-02-02 18:55,Haley_Deck,2,0,2
2026-02-02 19:00,Stadium_Deck,4,0,4
2026-02-02 19:00,Athletics_Deck,1,3,4
2026-02-02 19:00,Haley_Deck,2,0,2
2026-02-02 19:05,Stadium_Deck,4,0,4
2026-02-02 19:05,Athletics_Deck,1,3,4
2026-02-02 19:05,Haley_Deck,1,1,2
2026-02-02 19:10,Stadium_Deck,4,0,4
2026-02-02 19:10,Athletics_Deck,1,3,4
2026-02-02 19:10,Haley_Deck,1,1,2
2026-02-02 19:15,Stadium_Deck,3,1,4
2026-02-02 19:15,Athletics_Deck,1,3,4
2026-02-02 19:15,Haley_Deck,1,1,2
2026-02-02 19:20,Stadium_Deck,4,0,4
2026-02-02 19:20,Athletics_Deck,1,3,4
2026-02-02 19:20,Haley_Deck,1,1,2
2026-02-02 19:25,Stadium_Deck,4,0,4
2026-02-02 19:25,Athletics_Deck,1,3,4
2026-02-02 19:25,Haley_Deck,1,1,2
2026-02-02 19:30,Stadium_Deck,3,1,4
2026-02-02 19:30,Athletics_Deck,1,3,4
2026-02-02 19:30,Haley_Deck,1,1,2
2026-02-02 19:35,Stadium_Deck,4,0,4
2026-02-02 19:35,Athletics_Deck,1,3,4
2026-02-02 19:35,Haley_Deck,1,1,2
2026-02-02 19:40,Stadium_Deck,4,0,4
2026-02-02 19:40,Athletics_Deck,1,3,4
2026-02-02 19:40,Haley_Deck,1,1,2
2026-02-02 19:45,Stadium_Deck,4,0,4
2026-02-02 19:45,Athletics_Deck,1,3,4
2026-02-02 19:45,Haley_Deck,2,0,2
2026-02-02 19:50,Stadium_Deck,4,0,4
2026-02-02 19:50,Athletics_Deck,1,3,4
2026-02-02 19:50,Haley_Deck,2,0,2
2026-02-02 19:55,Stadium_Deck,3,1,4
2026-02-02 19:55,Athletics_Deck,1,3,4
2026-02-02 19:55,Haley_Deck,1,1,2
2026-02-02 20:00,Stadium_Deck,4,0,4
2026-02-02 20:00,Athletics_Deck,1,3,4
2026-02-02 20:00,Haley_Deck,1,1,2
2026-02-02 20:05,Stadium_Deck,3,1,4
2026-02-02 20:05,Athletics_Deck,1,3,4
2026-02-02 20:05,Haley_Deck,1,1,2
2026-02-02 20:10,Stadium_Deck,3,1,4
2026-02-02 20:10,Athletics_Deck,1,3,4
2026-02-02 20:10,Haley_Deck,1,1,2
2026-02-02 20:15,Stadium_Deck,4,0,4
2026-02-02 20:15,Athletics_Deck,1,3,4
2026-02-02 20:15,Haley_Deck,1,1,2
2026-02-02 20:20,Stadium_Deck,3,1,4
2026-02-02 20:20,Athletics_Deck,1,3,4
2026-02-02 20:20,Haley_Deck,1,1,2
2026-02-02 20:25,Stadium_Deck,3,1,4
2026-02-02 20:25,Athletics_Deck,1,3,4
2026-02-02 20:25,Haley_Deck,1,1,2
2026-02-02 20:30,Stadium_Deck,3,1,4
2026-02-02 20:30,Athletics_Deck,1,3,4
2026-02-02 20:30,Haley_Deck,1,1,2
2026-02-02 20:35,Stadium_Deck,3,1,4
2026-02-02 20:35,Athletics_Deck,1,3,4
2026-02-02 20:35,Haley_Deck,1,1,2
2026-02-02 20:40,Stadium_Deck,4,0,4
2026-02-02 20:40,Athletics_Deck,1,3,4
2026-02-02 20:40,Haley_Deck,1,1,2
2026-02-02 20:45,Stadium_Deck,4,0,4
2026-02-02 20:45,Athletics_Deck,1,3,4
2026-02-02 20:45,Haley_Deck,1,1,2
2026-02-02 20:50,Stadium_Deck,4,0,4
2026-02-02 20:50,Athletics_Deck,1,3,4
2026-02-02 20:50,Haley_Deck,1,1,2
2026-02-02 20:55,Stadium_Deck,4,0,4
2026-02-02 20:55,Athletics_Deck,1,3,4
2026-02-02 20:55,Haley_Deck,1,1,2
2026-02-02 21:00,Stadium_Deck,4,0,4
2026-02-02 21:00,Athletics_Deck,1,3,4
2026-02-02 21:00,Haley_Deck,1,1,2
2026-02-02 21:05,Stadium_Deck,4,0,4
2026-02-02 21:05,Athletics_Deck,1,3,4
2026-02-02 21:05,Haley_Deck,1,1,2
2026-02-02 21:10,Stadium_Deck,4,0,4
2026-02-02 21:10,Athletics_Deck,1,3,4
2026-02-02 21:10,Haley_Deck,1,1,2
2026-02-02 21:15,Stadium_Deck,4,0,4
2026-02-02 21:15,Athletics_Deck,1,3,4
2026-02-02 21:15,Haley_Deck,1,1,2
2026-02-02 21:20,Stadium_Deck,4,0,4
2026-02-02 21:20,Athletics_Deck,1,3,4
2026-02-02 21:20,Haley_Deck,1,1,2
2026-02-02 21:25,Stadium_Deck,4,0,4
2026-02-02 21:25,Athletics_Deck,1,3,4
2026-02-02 21:25,Haley_Deck,1,1,2
2026-02-02 21:30,Stadium_Deck,4,0,4
2026-02-02 21:30,Athletics_Deck,1,3,4
2026-02-02 21:30,Haley_Deck,1,1,2
2026-02-02 21:35,Stadium_Deck,4,0,4
2026-02-02 21:35,Athletics_Deck,1,3,4
2026-02-02 21:35,Haley_Deck,1,1,2
2026-02-02 21:40,Stadium_Deck,4,0,4
2026-02-02 21:40,Athletics_Deck,1,3,4
2026-02-02 21:40,Haley_Deck,1,1,2
2026-02-02 21:45,Stadium_Deck,4,0,4
2026-02-02 21:45,Athletics_Deck,1,3,4
2026-02-02 21:45,Haley_Deck,1,1,2
2026-02-02 21:50,Stadium_Deck,4,0,4
2026-02-02 21:50,Athletics_Deck,1,3,4
2026-02-02 21:50,Haley_Deck,1,1,2
2026-02-02 21:55,Stadium_Deck,3,1,4
2026-02-02 21:55,Athletics_Deck,1,3,4
2026-02-02 21:55,Haley_Deck,1,1,2
2026-02-02 22:00,Stadium_Deck,3,1,4
2026-02-02 22:00,Athletics_Deck,1,3,4
2026-02-02 22:00,Haley_Deck,1,1,2
2026-02-02 22:05,Stadium_Deck,3,1,4
2026-02-02 22:05,Athletics_Deck,1,3,4
2026-02-02 22:05,Haley_Deck,1,1,2
2026-02-02 22:10,Stadium_Deck,3,1,4
2026-02-02 22:10,Athletics_Deck,1,3,4
2026-02-02 22:10,Haley_Deck,1,1,2
2026-02-02 22:15,Stadium_Deck,3,1,4
2026-02-02 22:15,Athletics_Deck,1,3,4
2026-02-02 22:15,Haley_Deck,1,1,2
2026-02-02 22:20,Stadium_Deck,3,1,4
2026-02-02 22:20,Athletics_Deck,1,3,4
2026-02-02 22:20,Haley_Deck,1,1,2
2026-02-02 22:25,Stadium_Deck,3,1,4
2026-02-02 22:25,Athletics_Deck,1,3,4
2026-02-02 22:25,Haley_Deck,1,1,2
2026-02-02 22:30,Stadium_Deck,3,1,4
2026-02-02 22:30,Athletics_Deck,0,4,4
2026-02-02 22:30,Haley_Deck,1,1,2
2026-02-02 22:35,Stadium_Deck,3,1,4
2026-02-02 22:35,Athletics_Deck,0,4,4
2026-02-02 22:35,Haley_Deck,1,1,2
2026-02-02 22:40,Stadium_Deck,2,2,4
2026-02-02 22:40,Athletics_Deck,0,4,4
2026-02-02 22:40,Haley_Deck,1,1,2
2026-02-02 22:45,Stadium_Deck,2,2,4
2026-02-02 22:45,Athletics_Deck,0,4,4
2026-02-02 22:45,Haley_Deck,1,1,2
2026-02-02 22:50,Stadium_Deck,2,2,4
2026-02-02 22:50,Athletics_Deck,0,4,4
2026-02-02 22:50,Haley_Deck,1,1,2
2026-02-02 22:55,Stadium_Deck,2,2,4
2026-02-02 22:55,Athletics_Deck,0,4,4
2026-02-02 22:55,Haley_Deck,1,1,2
2026-02-02 23:00,Stadium_Deck,2,2,4
2026-02-02 23:00,Athletics_Deck,0,4,4
2026-02-02 23:00,Haley_Deck,1,1,2
2026-02-02 23:05,Stadium_Deck,1,3,4
2026-02-02 23:05,Athletics_Deck,0,4,4
2026-02-02 23:05,Haley_Deck,1,1,2
2026-02-02 23:10,Stadium_Deck,1,3,4
2026-02-02 23:10,Athletics_Deck,0,4,4
2026-02-02 23:10,Haley_Deck,1,1,2
2026-02-02 23:15,Stadium_Deck,1,3,4
2026-02-02 23:15,Athletics_Deck,0,4,4
2026-02-02 23:15,Haley_Deck,1,1,2
2026-02-02 23:20,Stadium_Deck,1,3,4
2026-02-02 23:20,Athletics_Deck,0,4,4
2026-02-02 23:20,Haley_Deck,1,1,2
2026-02-02 23:25,Stadium_Deck,1,3,4
2026-02-02 23:25,Athletics_Deck,0,4,4
2026-02-02 23:25,Haley_Deck,1,1,2
2026-02-02 23:30,Stadium_Deck,1,3,4
2026-02-02 23:30,Athletics_Deck,0,4,4
2026-02-02 23:30,Haley_Deck,1,1,2
2026-02-02 23:35,Stadium_Deck,1,3,4
2026-02-02 23:35,Athletics_Deck,0,4,4
2026-02-02 23:35,Haley_Deck,1,1,2
2026-02-02 23:40,Stadium_Deck,1,3,4
2026-02-02 23:40,Athletics_Deck,0,4,4
2026-02-02 23:40,Haley_Deck,1,1,2
2026-02-02 23:45,Stadium_Deck,1,3,4
2026-02-02 23:45,Athletics_Deck,0,4,4
2026-02-02 23:45,Haley_Deck,1,1,2
2026-02-02 23:50,Stadium_Deck,1,3,4
2026-02-02 23:50,Athletics_Deck,0,4,4
2026-02-02 23:50,Haley_Deck,1,1,2
2026-02-02 23:55,Stadium_Deck,1,3,4
2026-02-02 23:55,Athletics_Deck,0,4,4
2026-02-02 23:55,Haley_Deck,1,1,2
2026-02-03 00:00,Stadium_Deck,1,3,4
2026-02-03 00:00,Athletics_Deck,0,4,4
2026-02-03 00:00,Haley_Deck,1,1,2
2026-02-03 00:05,Stadium_Deck,1,3,4
2026-02-03 00:05,Athletics_Deck,0,4,4
2026-02-03 00:05,Haley_Deck,1,1,2
2026-02-03 00:10,Stadium_Deck,1,3,4
2026-02-03 00:10,Athletics_Deck,0,4,4
2026-02-03 00:10,Haley_Deck,1,1,2
2026-02-03 00:15,Stadium_Deck,1,3,4
2026-02-03 00:15,Athletics_Deck,0,4,4
2026-02-03 00:15,Haley_Deck,1,1,2
2026-02-03 00:20,Stadium_Deck,1,3,4
2026-02-03 00:20,Athletics_Deck,0,4,4
2026-02-03 00:20,Haley_Deck,1,1,2
2026-02-03 00:25,Stadium_Deck,1,3,4
2026-02-03 00:25,Athletics_Deck,0,4,4
2026-02-03 00:25,Haley_Deck,1,1,2
2026-02-03 00:30,Stadium_Deck,1,3,4
2026-02-03 00:30,Athletics_Deck,0,4,4
2026-02-03 00:30,Haley_Deck,1,1,2
2026-02-03 00:35,Stadium_Deck,1,3,4
2026-02-03 00:35,Athletics_Deck,0,4,4
2026-02-03 00:35,Haley_Deck,1,1,2
2026-02-03 00:40,Stadium_Deck,1,3,4
2026-02-03 00:40,Athletics_Deck,0,4,4
2026-02-03 00:40,Haley_Deck,1,1,2
2026-02-03 00:45,Stadium_Deck,1,3,4
2026-02-03 00:45,Athletics_Deck,0,4,4
2026-02-03 00:45,Haley_Deck,1,1,2
2026-02-03 00:50,Stadium_Deck,1,3,4
2026-02-03 00:50,Athletics_Deck,0,4,4
2026-02-03 00:50,Haley_Deck,1,1,2
2026-02-03 00:55,Stadium_Deck,1,3,4
2026-02-03 00:55,Athletics_Deck,0,4,4
2026-02-03 00:55,Haley_Deck,1,1,2
2026-02-03 01:00,Stadium_Deck,1,3,4
2026-02-03 01:00,Athletics_Deck,0,4,4
2026-02-03 01:00,Haley_Deck,1,1,2
2026-02-03 01:05,Stadium_Deck,1,3,4
2026-02-03 01:05,Athletics_Deck,0,4,4
2026-02-03 01:05,Haley_Deck,1,1,2
2026-02-03 01:10,Stadium_Deck,1,3,4
2026-02-03 01:10,Athletics_Deck,0,4,4
2026-02-03 01:10,Haley_Deck,1,1,2
2026-02-03 01:15,Stadium_Deck,1,3,4
2026-02-03 01:15,Athletics_Deck,0,4,4
2026-02-03 01:15,Haley_Deck,1,1,2
2026-02-03 01:20,Stadium_Deck,1,3,4
2026-02-03 01:20,Athletics_Deck,0,4,4
2026-02-03 01:20,Haley_Deck,1,1,2
2026-02-03 01:25,Stadium_Deck,1,3,4
2026-02-03 01:25,Athletics_Deck,0,4,4
2026-02-03 01:25,Haley_Deck,1,1,2
2026-02-03 01:30,Stadium_Deck,1,3,4
2026-02-03 01:30,Athletics_Deck,0,4,4
2026-02-03 01:30,Haley_Deck,1,1,2
2026-02-03 01:35,Stadium_Deck,1,3,4
2026-02-03 01:35,Athletics_Deck,0,4,4
2026-02-03 01:35,Haley_Deck,1,1,2
2026-02-03 01:40,Stadium_Deck,1,3,4
2026-02-03 01:40,Athletics_Deck,0,4,4
2026-02-03 01:40,Haley_Deck,1,1,2
2026-02-03 01:45,Stadium_Deck,1,3,4
2026-02-03 01:45,Athletics_Deck,0,4,4
2026-02-03 01:45,Haley_Deck,1,1,2
2026-02-03 01:50,Stadium_Deck,1,3,4
2026-02-03 01:50,Athletics_Deck,0,4,4
2026-02-03 01:50,Haley_Deck,1,1,2
2026-02-03 01:55,Stadium_Deck,1,3,4
2026-02-03 01:55,Athletics_Deck,0,4,4
2026-02-03 01:55,Haley_Deck,1,1,2
2026-02-03 02:00,Stadium_Deck,1,3,4
2026-02-03 02:00,Athletics_Deck,0,4,4
2026-02-03 02:00,Haley_Deck,1,1,2
2026-02-03 02:05,Stadium_Deck,1,3,4
2026-02-03 02:05,Athletics_Deck,0,4,4
2026-02-03 02:05,Haley_Deck,1,1,2
2026-02-03 02:10,Stadium_Deck,1,3,4
2026-02-03 02:10,Athletics_Deck,0,4,4
2026-02-03 02:10,Haley_Deck,1,1,2
2026-02-03 02:15,Stadium_Deck,1,3,4
2026-02-03 02:15,Athletics_Deck,0,4,4
2026-02-03 02:15,Haley_Deck,1,1,2
2026-02-03 02:20,Stadium_Deck,1,3,4
2026-02-03 02:20,Athletics_Deck,0,4,4
2026-02-03 02:20,Haley_Deck,1,1,2
2026-02-03 02:25,Stadium_Deck,1,3,4
2026-02-03 02:25,Athletics_Deck,0,4,4
2026-02-03 02:25,Haley_Deck,1,1,2
2026-02-03 02:30,Stadium_Deck,1,3,4
2026-02-03 02:30,Athletics_Deck,0,4,4
2026-02-03 02:30,Haley_Deck,1,1,2
2026-02-03 02:35,Stadium_Deck,1,3,4
2026-02-03 02:35,Athletics_Deck,0,4,4
2026-02-03 02:35,Haley_Deck,1,1,2
2026-02-03 02:40,Stadium_Deck,1,3,4
2026-02-03 02:40,Athletics_Deck,0,4,4
2026-02-03 02:40,Haley_Deck,1,1,2
2026-02-03 02:45,Stadium_Deck,1,3,4
2026-02-03 02:45,Athletics_Deck,0,4,4
2026-02-03 02:45,Haley_Deck,1,1,2
2026-02-03 02:50,Stadium_Deck,1,3,4
2026-02-03 02:50,Athletics_Deck,0,4,4
2026-02-03 02:50,Haley_Deck,1,1,2
2026-02-03 02:55,Stadium_Deck,1,3,4
2026-02-03 02:55,Athletics_Deck,0,4,4
2026-02-03 02:55,Haley_Deck,1,1,2
2026-02-03 03:00,Stadium_Deck,1,3,4
2026-02-03 03:00,Athletics_Deck,0,4,4
2026-02-03 03:00,Haley_Deck,1,1,2
2026-02-03 03:05,Stadium_Deck,1,3,4
2026-02-03 03:05,Athletics_Deck,0,4,4
2026-02-03 03:05,Haley_Deck,1,1,2
2026-02-03 03:10,Stadium_Deck,1,3,4
2026-02-03 03:10,Athletics_Deck,0,4,4
2026-02-03 03:10,Haley_Deck,1,1,2
2026-02-03 03:15,Stadium_Deck,1,3,4
2026-02-03 03:15,Athletics_Deck,0,4,4
2026-02-03 03:15,Haley_Deck,1,1,2
2026-02-03 03:20,Stadium_Deck,1,3,4
2026-02-03 03:20,Athletics_Deck,0,4,4
2026-02-03 03:20,Haley_Deck,1,1,2
2026-02-03 03:25,Stadium_Deck,1,3,4
2026-02-03 03:25,Athletics_Deck,0,4,4
2026-02-03 03:25,Haley_Deck,1,1,2
2026-02-03 03:30,Stadium_Deck,1,3,4
2026-02-03 03:30,Athletics_Deck,0,4,4
2026-02-03 03:30,Haley_Deck,1,1,2
2026-02-03 03:35,Stadium_Deck,1,3,4
2026-02-03 03:35,Athletics_Deck,0,4,4
2026-02-03 03:35,Haley_Deck,1,1,2
2026-02-03 03:40,Stadium_Deck,1,3,4
2026-02-03 03:40,Athletics_Deck,0,4,4
2026-02-03 03:40,Haley_Deck,1,1,2
2026-02-03 03:45,Stadium_Deck,1,3,4
2026-02-03 03:45,Athletics_Deck,0,4,4
2026-02-03 03:45,Haley_Deck,1,1,2
2026-02-03 03:50,Stadium_Deck,1,3,4
2026-02-03 03:50,Athletics_Deck,0,4,4
2026-02-03 03:50,Haley_Deck,1,1,2
2026-02-03 03:55,Stadium_Deck,1,3,4
2026-02-03 03:55,Athletics_Deck,0,4,4
2026-02-03 03:55,Haley_Deck,1,1,2
2026-02-03 04:00,Stadium_Deck,1,3,4
2026-02-03 04:00,Athletics_Deck,0,4,4
2026-02-03 04:00,Haley_Deck,1,1,2
2026-02-03 04:05,Stadium_Deck,1,3,4
2026-02-03 04:05,Athletics_Deck,0,4,4
2026-02-03 04:05,Haley_Deck,1,1,2
2026-02-03 04:10,Stadium_Deck,1,3,4
2026-02-03 04:10,Athletics_Deck,0,4,4
2026-02-03 04:10,Haley_Deck,1,1,2
2026-02-03 04:15,Stadium_Deck,1,3,4
2026-02-03 04:15,Athletics_Deck,0,4,4
2026-02-03 04:15,Haley_Deck,1,1,2
2026-02-03 04:20,Stadium_Deck,1,3,4
2026-02-03 04:20,Athletics_Deck,0,4,4
2026-02-03 04:20,Haley_Deck,1,1,2
2026-02-03 04:25,Stadium_Deck,1,3,4
2026-02-03 04:25,Athletics_Deck,0,4,4
2026-02-03 04:25,Haley_Deck,1,1,2
2026-02-03 04:30,Stadium_Deck,1,3,4
2026-02-03 04:30,Athletics_Deck,0,4,4
2026-02-03 04:30,Haley_Deck,1,1,2
2026-02-03 04:35,Stadium_Deck,1,3,4
2026-02-03 04:35,Athletics_Deck,0,4,4
2026-02-03 04:35,Haley_Deck,1,1,2
2026-02-03 04:40,Stadium_Deck,1,3,4
2026-02-03 04:40,Athletics_Deck,0,4,4
2026-02-03 04:40,Haley_Deck,1,1,2
2026-02-03 04:45,Stadium_Deck,1,3,4
2026-02-03 04:45,Athletics_Deck,0,4,4
2026-02-03 04:45,Haley_Deck,1,1,2
2026-02-03 04:50,Stadium_Deck,1,3,4
2026-02-03 04:50,Athletics_Deck,0,4,4
2026-02-03 04:50,Haley_Deck,1,1,2
2026-02-03 04:55,Stadium_Deck,1,3,4
2026-02-03 04:55,Athletics_Deck,0,4,4
2026-02-03 04:55,Haley_Deck,1,1,2
2026-02-03 05:00,Stadium_Deck,1,3,4
2026-02-03 05:00,Athletics_Deck,0,4,4
2026-02-03 05:00,Haley_Deck,1,1,2
2026-02-03 05:05,Stadium_Deck,1,3,4
2026-02-03 05:05,Athletics_Deck,0,4,4
2026-02-03 05:05,Haley_Deck,1,1,2
2026-02-03 05:10,Stadium_Deck,1,3,4
2026-02-03 05:10,Athletics_Deck,0,4,4
2026-02-03 05:10,Haley_Deck,1,1,2
2026-02-03 05:15,Stadium_Deck,1,3,4
2026-02-03 05:15,Athletics_Deck,0,4,4
2026-02-03 05:15,Haley_Deck,1,1,2
2026-02-03 05:20,Stadium_Deck,1,3,4
2026-02-03 05:20,Athletics_Deck,0,4,4
2026-02-03 05:20,Haley_Deck,1,1,2
2026-02-03 05:25,Stadium_Deck,2,2,4
2026-02-03 05:25,Athletics_Deck,0,4,4
2026-02-03 05:25,Haley_Deck,1,1,2
2026-02-03 05:30,Stadium_Deck,2,2,4
2026-02-03 05:30,Athletics_Deck,0,4,4
2026-02-03 05:30,Haley_Deck,1,1,2
2026-02-03 05:35,Stadium_Deck,2,2,4
2026-02-03 05:35,Athletics_Deck,0,4,4
2026-02-03 05:35,Haley_Deck,1,1,2
2026-02-03 05:40,Stadium_Deck,2,2,4
2026-02-03 05:40,Athletics_Deck,0,4,4
2026-02-03 05:40,Haley_Deck,1,1,2
2026-02-03 05:45,Stadium_Deck,2,2,4
2026-02-03 05:45,Athletics_Deck,0,4,4
2026-02-03 05:45,Haley_Deck,1,1,2
2026-02-03 05:50,Stadium_Deck,2,2,4
2026-02-03 05:50,Athletics_Deck,0,4,4
2026-02-03 05:50,Haley_Deck,1,1,2
2026-02-03 05:55,Stadium_Deck,2,2,4
2026-02-03 05:55,Athletics_Deck,0,4,4
2026-02-03 05:55,Haley_Deck,1,1,2
2026-02-03 06:00,Stadium_Deck,2,2,4
2026-02-03 06:00,Athletics_Deck,0,4,4
2026-02-03 06:00,Haley_Deck,1,1,2
2026-02-03 06:05,Stadium_Deck,2,2,4
2026-02-03 06:05,Athletics_Deck,0,4,4
2026-02-03 06:05,Haley_Deck,1,1,2
2026-02-03 06:10,Stadium_Deck,2,2,4
2026-02-03 06:10,Athletics_Deck,0,4,4
2026-02-03 06:10,Haley_Deck,1,1,2
2026-02-03 06:15,Stadium_Deck,2,2,4
2026-02-03 06:15,Athletics_Deck,1,3,4
2026-02-03 06:15,Haley_Deck,1,1,2
2026-02-03 06:20,Stadium_Deck,2,2,4
2026-02-03 06:20,Athletics_Deck,1,3,4
2026-02-03 06:20,Haley_Deck,1,1,2
2026-02-03 06:25,Stadium_Deck,2,2,4
2026-02-03 06:25,Athletics_Deck,1,3,4
2026-02-03 06:25,Haley_Deck,1,1,2
2026-02-03 06:30,Stadium_Deck,3,1,4
2026-02-03 06:30,Athletics_Deck,0,4,4
2026-02-03 06:30,Haley_Deck,1,1,2
2026-02-03 06:35,Stadium_Deck,3,1,4
2026-02-03 06:35,Athletics_Deck,0,4,4
2026-02-03 06:35,Haley_Deck,1,1,2
2026-02-03 06:40,Stadium_Deck,3,1,4
2026-02-03 06:40,Athletics_Deck,1,3,4
2026-02-03 06:40,Haley_Deck,1,1,2
2026-02-03 06:45,Stadium_Deck,3,1,4
2026-02-03 06:45,Athletics_Deck,1,3,4
2026-02-03 06:45,Haley_Deck,1,1,2
2026-02-03 06:50,Stadium_Deck,3,1,4
2026-02-03 06:50,Athletics_Deck,1,3,4
2026-02-03 06:50,Haley_Deck,1,1,2
2026-02-03 06:55,Stadium_Deck,3,1,4
2026-02-03 06:55,Athletics_Deck,1,3,4
2026-02-03 06:55,Haley_Deck,1,1,2
2026-02-03 07:00,Stadium_Deck,4,0,4
2026-02-03 07:00,Athletics_Deck,1,3,4
2026-02-03 07:00,Haley_Deck,1,1,2
2026-02-03 07:05,Stadium_Deck,4,0,4
2026-02-03 07:05,Athletics_Deck,1,3,4
2026-02-03 07:05,Haley_Deck,1,1,2
2026-02-03 07:10,Stadium_Deck,4,0,4
2026-02-03 07:10,Athletics_Deck,1,3,4
2026-02-03 07:10,Haley_Deck,1,1,2
2026-02-03 07:15,Stadium_Deck,4,0,4
2026-02-03 07:15,Athletics_Deck,2,2,4
2026-02-03 07:15,Haley_Deck,1,1,2
2026-02-03 07:20,Stadium_Deck,4,0,4
2026-02-03 07:20,Athletics_Deck,2,2,4
2026-02-03 07:20,Haley_Deck,1,1,2
2026-02-03 07:25,Stadium_Deck,4,0,4
2026-02-03 07:25,Athletics_Deck,1,3,4
2026-02-03 07:25,Haley_Deck,1,1,2
2026-02-03 07:30,Stadium_Deck,4,0,4
2026-02-03 07:30,Athletics_Deck,1,3,4
2026-02-03 07:30,Haley_Deck,1,1,2
2026-02-03 07:35,Stadium_Deck,4,0,4
2026-02-03 07:35,Athletics_Deck,1,3,4
2026-02-03 07:35,Haley_Deck,1,1,2
2026-02-03 07:40,Stadium_Deck,4,0,4
2026-02-03 07:40,Athletics_Deck,1,3,4
2026-02-03 07:40,Haley_Deck,1,1,2
2026-02-03 07:45,Stadium_Deck,4,0,4
2026-02-03 07:45,Athletics_Deck,1,3,4
2026-02-03 07:45,Haley_Deck,2,0,2
2026-02-03 07:50,Stadium_Deck,3,1,4
2026-02-03 07:50,Athletics_Deck,1,3,4
2026-02-03 07:50,Haley_Deck,2,0,2
2026-02-03 07:55,Stadium_Deck,3,1,4
2026-02-03 07:55,Athletics_Deck,1,3,4
2026-02-03 07:55,Haley_Deck,2,0,2
2026-02-03 08:00,Stadium_Deck,3,1,4
2026-02-03 08:00,Athletics_Deck,1,3,4
2026-02-03 08:00,Haley_Deck,2,0,2
2026-02-03 08:05,Stadium_Deck,4,0,4
2026-02-03 08:05,Athletics_Deck,1,3,4
2026-02-03 08:05,Haley_Deck,2,0,2
2026-02-03 08:10,Stadium_Deck,4,0,4
2026-02-03 08:10,Athletics_Deck,2,2,4
2026-02-03 08:10,Haley_Deck,2,0,2
2026-02-03 08:15,Stadium_Deck,4,0,4
2026-02-03 08:15,Athletics_Deck,3,1,4
2026-02-03 08:15,Haley_Deck,2,0,2
2026-02-03 08:20,Stadium_Deck,4,0,4
2026-02-03 08:20,Athletics_Deck,3,1,4
2026-02-03 08:20,Haley_Deck,2,0,2
2026-02-03 08:25,Stadium_Deck,4,0,4
2026-02-03 08:25,Athletics_Deck,3,1,4
2026-02-03 08:25,Haley_Deck,2,0,2
2026-02-03 08:30,Stadium_Deck,4,0,4
2026-02-03 08:30,Athletics_Deck,3,1,4
2026-02-03 08:30,Haley_Deck,2,0,2
2026-02-03 08:35,Stadium_Deck,4,0,4
2026-02-03 08:35,Athletics_Deck,3,1,4
2026-02-03 08:35,Haley_Deck,2,0,2
2026-02-03 08:40,Stadium_Deck,4,0,4
2026-02-03 08:40,Athletics_Deck,3,1,4
2026-02-03 08:40,Haley_Deck,2,0,2
2026-02-03 08:45,Stadium_Deck,4,0,4
2026-02-03 08:45,Athletics_Deck,3,1,4
2026-02-03 08:45,Haley_Deck,2,0,2
2026-02-03 08:50,Stadium_Deck,4,0,4
2026-02-03 08:50,Athletics_Deck,4,0,4
2026-02-03 08:50,Haley_Deck,2,0,2
2026-02-03 08:55,Stadium_Deck,4,0,4
2026-02-03 08:55,Athletics_Deck,4,0,4
2026-02-03 08:55,Haley_Deck,2,0,2
2026-02-03 09:00,Stadium_Deck,4,0,4
2026-02-03 09:00,Athletics_Deck,4,0,4
2026-02-03 09:00,Haley_Deck,2,0,2
2026-02-03 09:05,Stadium_Deck,4,0,4
2026-02-03 09:05,Athletics_Deck,4,0,4
2026-02-03 09:05,Haley_Deck,2,0,2
2026-02-03 09:10,Stadium_Deck,4,0,4
2026-02-03 09:10,Athletics_Deck,4,0,4
2026-02-03 09:10,Haley_Deck,2,0,2
2026-02-03 09:15,Stadium_Deck,4,0,4
2026-02-03 09:15,Athletics_Deck,4,0,4
2026-02-03 09:15,Haley_Deck,2,0,2
2026-02-03 09:20,Stadium_Deck,4,0,4
2026-02-03 09:20,Athletics_Deck,4,0,4
2026-02-03 09:20,Haley_Deck,2,0,2
2026-02-03 09:25,Stadium_Deck,4,0,4
2026-02-03 09:25,Athletics_Deck,4,0,4
2026-02-03 09:25,Haley_Deck,2,0,2
2026-02-03 09:30,Stadium_Deck,4,0,4
2026-02-03 09:30,Athletics_Deck,4,0,4
2026-02-03 09:30,Haley_Deck,2,0,2
2026-02-03 09:35,Stadium_Deck,4,0,4
2026-02-03 09:35,Athletics_Deck,4,0,4
2026-02-03 09:35,Haley_Deck,2,0,2
2026-02-03 09:40,Stadium_Deck,4,0,4
2026-02-03 09:40,Athletics_Deck,4,0,4
2026-02-03 09:40,Haley_Deck,2,0,2
2026-02-03 09:45,Stadium_Deck,4,0,4
2026-02-03 09:45,Athletics_Deck,4,0,4
2026-02-03 09:45,Haley_Deck,2,0,2
2026-02-03 09:50,Stadium_Deck,4,0,4
2026-02-03 09:50,Athletics_Deck,4,0,4
2026-02-03 09:50,Haley_Deck,2,0,2
2026-02-03 09:55,Stadium_Deck,4,0,4
2026-02-03 09:55,Athletics_Deck,4,0,4
2026-02-03 09:55,Haley_Deck,2,0,2
2026-02-03 10:00,Stadium_Deck,4,0,4
2026-02-03 10:00,Athletics_Deck,4,0,4
2026-02-03 10:00,Haley_Deck,2,0,2
2026-02-03 10:05,Stadium_Deck,4,0,4
2026-02-03 10:05,Athletics_Deck,4,0,4
2026-02-03 10:05,Haley_Deck,2,0,2
2026-02-03 10:10,Stadium_Deck,4,0,4
2026-02-03 10:10,Athletics_Deck,4,0,4
2026-02-03 10:10,Haley_Deck,2,0,2
2026-02-03 10:15,Stadium_Deck,4,0,4
2026-02-03 10:15,Athletics_Deck,4,0,4
2026-02-03 10:15,Haley_Deck,2,0,2
2026-02-03 10:20,Stadium_Deck,4,0,4
2026-02-03 10:20,Athletics_Deck,4,0,4
2026-02-03 10:20,Haley_Deck,2,0,2
2026-02-03 10:25,Stadium_Deck,4,0,4
2026-02-03 10:25,Athletics_Deck,4,0,4
2026-02-03 10:25,Haley_Deck,2,0,2
2026-02-03 10:30,Stadium_Deck,4,0,4
2026-02-03 10:30,Athletics_Deck,4,0,4
2026-02-03 10:30,Haley_Deck,2,0,2
2026-02-03 10:35,Stadium_Deck,4,0,4
2026-02-03 10:35,Athletics_Deck,4,0,4
2026-02-03 10:35,Haley_Deck,2,0,2
2026-02-03 10:40,Stadium_Deck,4,0,4
2026-02-03 10:40,Athletics_Deck,4,0,4
2026-02-03 10:40,Haley_Deck,2,0,2
2026-02-03 10:45,Stadium_Deck,4,0,4
2026-02-03 10:45,Athletics_Deck,4,0,4
2026-02-03 10:45,Haley_Deck,2,0,2
2026-02-03 10:50,Stadium_Deck,4,0,4
2026-02-03 10:50,Athletics_Deck,4,0,4
2026-02-03 10:50,Haley_Deck,2,0,2
2026-02-03 10:55,Stadium_Deck,4,0,4
2026-02-03 10:55,Athletics_Deck,4,0,4
2026-02-03 10:55,Haley_Deck,2,0,2
2026-02-03 11:00,Stadium_Deck,4,0,4
2026-02-03 11:00,Athletics_Deck,4,0,4
2026-02-03 11:00,Haley_Deck,2,0,2
2026-02-03 11:05,Stadium_Deck,4,0,4
2026-02-03 11:05,Athletics_Deck,4,0,4
2026-02-03 11:05,Haley_Deck,2,0,2
2026-02-03 11:10,Stadium_Deck,4,0,4
2026-02-03 11:10,Athletics_Deck,3,1,4
2026-02-03 11:10,Haley_Deck,2,0,2
2026-02-03 11:15,Stadium_Deck,4,0,4
2026-02-03 11:15,Athletics_Deck,3,1,4
2026-02-03 11:15,Haley_Deck,2,0,2
2026-02-03 11:20,Stadium_Deck,4,0,4
2026-02-03 11:20,Athletics_Deck,3,1,4
2026-02-03 11:20,Haley_Deck,2,0,2
2026-02-03 11:25,Stadium_Deck,4,0,4
2026-02-03 11:25,Athletics_Deck,3,1,4
2026-02-03 11:25,Haley_Deck,2,0,2
2026-02-03 11:30,Stadium_Deck,4,0,4
2026-02-03 11:30,Athletics_Deck,3,1,4
2026-02-03 11:30,Haley_Deck,2,0,2
2026-02-03 11:35,Stadium_Deck,4,0,4
2026-02-03 11:35,Athletics_Deck,3,1,4
2026-02-03 11:35,Haley_Deck,2,0,2
2026-02-03 11:40,Stadium_Deck,4,0,4
2026-02-03 11:40,Athletics_Deck,3,1,4
2026-02-03 11:40,Haley_Deck,2,0,2
2026-02-03 11:45,Stadium_Deck,4,0,4
2026-02-03 11:45,Athletics_Deck,3,1,4
2026-02-03 11:45,Haley_Deck,2,0,2
2026-02-03 11:50,Stadium_Deck,4,0,4
2026-02-03 11:50,Athletics_Deck,3,1,4
2026-02-03 11:50,Haley_Deck,2,0,2
2026-02-03 11:55,Stadium_Deck,4,0,4
2026-02-03 11:55,Athletics_Deck,3,1,4
2026-02-03 11:55,Haley_Deck,2,0,2
2026-02-03 12:00,Stadium_Deck,4,0,4
2026-02-03 12:00,Athletics_Deck,3,1,4
2026-02-03 12:00,Haley_Deck,2,0,2
2026-02-03 12:05,Stadium_Deck,4,0,4
2026-02-03 12:05,Athletics_Deck,3,1,4
2026-02-03 12:05,Haley_Deck,2,0,2
2026-02-03 12:10,Stadium_Deck,4,0,4
2026-02-03 12:10,Athletics_Deck,3,1,4
2026-02-03 12:10,Haley_Deck,2,0,2
2026-02-03 12:15,Stadium_Deck,4,0,4
2026-02-03 12:15,Athletics_Deck,3,1,4
2026-02-03 12:15,Haley_Deck,2,0,2
2026-02-03 12:20,Stadium_Deck,4,0,4
2026-02-03 12:20,Athletics_Deck,4,0,4
2026-02-03 12:20,Haley_Deck,2,0,2
2026-02-03 12:25,Stadium_Deck,4,0,4
2026-02-03 12:25,Athletics_Deck,4,0,4
2026-02-03 12:25,Haley_Deck,1,1,2
2026-02-03 12:30,Stadium_Deck,4,0,4
2026-02-03 12:30,Athletics_Deck,4,0,4
2026-02-03 12:30,Haley_Deck,1,1,2
2026-02-03 12:35,Stadium_Deck,4,0,4
2026-02-03 12:35,Athletics_Deck,4,0,4
2026-02-03 12:35,Haley_Deck,1,1,2
2026-02-03 12:40,Stadium_Deck,4,0,4
2026-02-03 12:40,Athletics_Deck,4,0,4
2026-02-03 12:40,Haley_Deck,1,1,2
2026-02-03 12:45,Stadium_Deck,3,1,4
2026-02-03 12:45,Athletics_Deck,4,0,4
2026-02-03 12:45,Haley_Deck,1,1,2
2026-02-03 12:50,Stadium_Deck,4,0,4
2026-02-03 12:50,Athletics_Deck,4,0,4
2026-02-03 12:50,Haley_Deck,1,1,2
2026-02-03 12:55,Stadium_Deck,4,0,4
2026-02-03 12:55,Athletics_Deck,4,0,4
2026-02-03 12:55,Haley_Deck,1,1,2
2026-02-03 13:00,Stadium_Deck,4,0,4
2026-02-03 13:00,Athletics_Deck,4,0,4
2026-02-03 13:00,Haley_Deck,1,1,2
2026-02-03 13:05,Stadium_Deck,4,0,4
2026-02-03 13:05,Athletics_Deck,4,0,4
2026-02-03 13:05,Haley_Deck,1,1,2
2026-02-03 13:10,Stadium_Deck,4,0,4
2026-02-03 13:10,Athletics_Deck,4,0,4
2026-02-03 13:10,Haley_Deck,1,1,2
2026-02-03 13:15,Stadium_Deck,4,0,4
2026-02-03 13:15,Athletics_Deck,4,0,4
2026-02-03 13:15,Haley_Deck,1,1,2
2026-02-03 13:20,Stadium_Deck,4,0,4
2026-02-03 13:20,Athletics_Deck,4,0,4
2026-02-03 13:20,Haley_Deck,1,1,2
2026-02-03 13:25,Stadium_Deck,4,0,4
2026-02-03 13:25,Athletics_Deck,4,0,4
2026-02-03 13:25,Haley_Deck,1,1,2
2026-02-03 13:30,Stadium_Deck,4,0,4
2026-02-03 13:30,Athletics_Deck,4,0,4
2026-02-03 13:30,Haley_Deck,1,1,2
2026-02-03 13:35,Stadium_Deck,4,0,4
2026-02-03 13:35,Athletics_Deck,4,0,4
2026-02-03 13:35,Haley_Deck,1,1,2
2026-02-03 13:40,Stadium_Deck,4,0,4
2026-02-03 13:40,Athletics_Deck,4,0,4
2026-02-03 13:40,Haley_Deck,1,1,2
2026-02-03 13:45,Stadium_Deck,4,0,4
2026-02-03 13:45,Athletics_Deck,4,0,4
2026-02-03 13:45,Haley_Deck,1,1,2
2026-02-03 13:50,Stadium_Deck,3,1,4
2026-02-03 13:50,Athletics_Deck,3,1,4
2026-02-03 13:50,Haley_Deck,1,1,2
2026-02-03 13:55,Stadium_Deck,4,0,4
2026-02-03 13:55,Athletics_Deck,3,1,4
2026-02-03 13:55,Haley_Deck,1,1,2
2026-02-03 14:00,Stadium_Deck,3,1,4
2026-02-03 14:00,Athletics_Deck,4,0,4
2026-02-03 14:00,Haley_Deck,1,1,2
2026-02-03 14:05,Stadium_Deck,3,1,4
2026-02-03 14:05,Athletics_Deck,4,0,4
2026-02-03 14:05,Haley_Deck,1,1,2
2026-02-03 14:10,Stadium_Deck,3,1,4
2026-02-03 14:10,Athletics_Deck,4,0,4
2026-02-03 14:10,Haley_Deck,1,1,2
2026-02-03 14:15,Stadium_Deck,3,1,4
2026-02-03 14:15,Athletics_Deck,4,0,4
2026-02-03 14:15,Haley_Deck,1,1,2
2026-02-03 14:20,Stadium_Deck,3,1,4
2026-02-03 14:20,Athletics_Deck,4,0,4
2026-02-03 14:20,Haley_Deck,2,0,2
2026-02-03 14:25,Stadium_Deck,3,1,4
2026-02-03 14:25,Athletics_Deck,4,0,4
2026-02-03 14:25,Haley_Deck,1,1,2
2026-02-03 14:30,Stadium_Deck,3,1,4
2026-02-03 14:30,Athletics_Deck,4,0,4
2026-02-03 14:30,Haley_Deck,1,1,2
2026-02-03 14:35,Stadium_Deck,3,1,4
2026-02-03 14:35,Athletics_Deck,4,0,4
2026-02-03 14:35,Haley_Deck,2,0,2
2026-02-03 14:40,Stadium_Deck,3,1,4
2026-02-03 14:40,Athletics_Deck,4,0,4
2026-02-03 14:40,Haley_Deck,2,0,2
2026-02-03 14:45,Stadium_Deck,4,0,4
2026-02-03 14:45,Athletics_Deck,4,0,4
2026-02-03 14:45,Haley_Deck,2,0,2
2026-02-03 14:50,Stadium_Deck,4,0,4
2026-02-03 14:50,Athletics_Deck,4,0,4
2026-02-03 14:50,Haley_Deck,1,1,2
2026-02-03 14:55,Stadium_Deck,4,0,4
2026-02-03 14:55,Athletics_Deck,4,0,4
2026-02-03 14:55,Haley_Deck,1,1,2
2026-02-03 15:00,Stadium_Deck,4,0,4
2026-02-03 15:00,Athletics_Deck,4,0,4
2026-02-03 15:00,Haley_Deck,1,1,2
2026-02-03 15:05,Stadium_Deck,4,0,4
2026-02-03 15:05,Athletics_Deck,4,0,4
2026-02-03 15:05,Haley_Deck,1,1,2
2026-02-03 15:10,Stadium_Deck,4,0,4
2026-02-03 15:10,Athletics_Deck,4,0,4
2026-02-03 15:10,Haley_Deck,2,0,2
2026-02-03 15:15,Stadium_Deck,3,1,4
2026-02-03 15:15,Athletics_Deck,4,0,4
2026-02-03 15:15,Haley_Deck,2,0,2
2026-02-03 15:20,Stadium_Deck,4,0,4
2026-02-03 15:20,Athletics_Deck,4,0,4
2026-02-03 15:20,Haley_Deck,2,0,2
2026-02-03 15:25,Stadium_Deck,4,0,4
2026-02-03 15:25,Athletics_Deck,4,0,4
2026-02-03 15:25,Haley_Deck,2,0,2
2026-02-03 15:30,Stadium_Deck,4,0,4
2026-02-03 15:30,Athletics_Deck,4,0,4
2026-02-03 15:30,Haley_Deck,2,0,2
2026-02-03 15:35,Stadium_Deck,4,0,4
2026-02-03 15:35,Athletics_Deck,3,1,4
2026-02-03 15:35,Haley_Deck,2,0,2
2026-02-03 15:40,Stadium_Deck,4,0,4
2026-02-03 15:40,Athletics_Deck,3,1,4
2026-02-03 15:40,Haley_Deck,2,0,2
2026-02-03 15:45,Stadium_Deck,4,0,4
2026-02-03 15:45,Athletics_Deck,3,1,4
2026-02-03 15:45,Haley_Deck,2,0,2
2026-02-03 15:50,Stadium_Deck,4,0,4
2026-02-03 15:50,Athletics_Deck,3,1,4
2026-02-03 15:50,Haley_Deck,2,0,2
2026-02-03 15:55,Stadium_Deck,4,0,4
2026-02-03 15:55,Athletics_Deck,3,1,4
2026-02-03 15:55,Haley_Deck,2,0,2
2026-02-03 16:00,Stadium_Deck,4,0,4
2026-02-03 16:00,Athletics_Deck,3,1,4
2026-02-03 16:00,Haley_Deck,2,0,2
2026-02-03 16:05,Stadium_Deck,4,0,4
2026-02-03 16:05,Athletics_Deck,3,1,4
2026-02-03 16:05,Haley_Deck,2,0,2
2026-02-03 16:10,Stadium_Deck,4,0,4
2026-02-03 16:10,Athletics_Deck,3,1,4
2026-02-03 16:10,Haley_Deck,2,0,2
2026-02-03 16:15,Stadium_Deck,4,0,4
2026-02-03 16:15,Athletics_Deck,3,1,4
2026-02-03 16:15,Haley_Deck,1,1,2
2026-02-03 16:20,Stadium_Deck,4,0,4
2026-02-03 16:20,Athletics_Deck,3,1,4
2026-02-03 16:20,Haley_Deck,1,1,2
2026-02-03 16:25,Stadium_Deck,4,0,4
2026-02-03 16:25,Athletics_Deck,3,1,4
2026-02-03 16:25,Haley_Deck,1,1,2
2026-02-03 16:30,Stadium_Deck,4,0,4
2026-02-03 16:30,Athletics_Deck,3,1,4
2026-02-03 16:30,Haley_Deck,1,1,2
2026-02-03 16:35,Stadium_Deck,4,0,4
2026-02-03 16:35,Athletics_Deck,2,2,4
2026-02-03 16:35,Haley_Deck,1,1,2
2026-02-03 16:40,Stadium_Deck,4,0,4
2026-02-03 16:40,Athletics_Deck,1,3,4
2026-02-03 16:40,Haley_Deck,1,1,2
2026-02-03 16:45,Stadium_Deck,4,0,4
2026-02-03 16:45,Athletics_Deck,1,3,4
2026-02-03 16:45,Haley_Deck,1,1,2
2026-02-03 16:50,Stadium_Deck,4,0,4
2026-02-03 16:50,Athletics_Deck,1,3,4
2026-02-03 16:50,Haley_Deck,1,1,2
2026-02-03 16:55,Stadium_Deck,4,0,4
2026-02-03 16:55,Athletics_Deck,1,3,4
2026-02-03 16:55,Haley_Deck,1,1,2
2026-02-03 17:00,Stadium_Deck,4,0,4
2026-02-03 17:00,Athletics_Deck,1,3,4
2026-02-03 17:00,Haley_Deck,1,1,2
2026-02-03 17:05,Stadium_Deck,4,0,4
2026-02-03 17:05,Athletics_Deck,1,3,4
2026-02-03 17:05,Haley_Deck,1,1,2
2026-02-03 17:10,Stadium_Deck,4,0,4
2026-02-03 17:10,Athletics_Deck,2,2,4
2026-02-03 17:10,Haley_Deck,1,1,2
2026-02-03 17:15,Stadium_Deck,4,0,4
2026-02-03 17:15,Athletics_Deck,1,3,4
2026-02-03 17:15,Haley_Deck,1,1,2
2026-02-03 17:20,Stadium_Deck,4,0,4
2026-02-03 17:20,Athletics_Deck,1,3,4
2026-02-03 17:20,Haley_Deck,1,1,2
2026-02-03 17:25,Stadium_Deck,3,1,4
2026-02-03 17:25,Athletics_Deck,1,3,4
2026-02-03 17:25,Haley_Deck,1,1,2
2026-02-03 17:30,Stadium_Deck,3,1,4
2026-02-03 17:30,Athletics_Deck,2,2,4
2026-02-03 17:30,Haley_Deck,1,1,2
2026-02-03 17:35,Stadium_Deck,3,1,4
2026-02-03 17:35,Athletics_Deck,2,2,4
2026-02-03 17:35,Haley_Deck,2,0,2
2026-02-03 17:40,Stadium_Deck,3,1,4
2026-02-03 17:40,Athletics_Deck,2,2,4
2026-02-03 17:40,Haley_Deck,2,0,2
2026-02-03 17:45,Stadium_Deck,3,1,4
2026-02-03 17:45,Athletics_Deck,2,2,4
2026-02-03 17:45,Haley_Deck,2,0,2
2026-02-03 17:50,Stadium_Deck,3,1,4
2026-02-03 17:50,Athletics_Deck,3,1,4
2026-02-03 17:50,Haley_Deck,1,1,2
2026-02-03 17:55,Stadium_Deck,3,1,4
2026-02-03 17:55,Athletics_Deck,3,1,4
2026-02-03 17:55,Haley_Deck,1,1,2
2026-02-03 18:00,Stadium_Deck,3,1,4
2026-02-03 18:00,Athletics_Deck,3,1,4
2026-02-03 18:00,Haley_Deck,1,1,2
2026-02-03 18:05,Stadium_Deck,3,1,4
2026-02-03 18:05,Athletics_Deck,3,1,4
2026-02-03 18:05,Haley_Deck,1,1,2
2026-02-03 18:10,Stadium_Deck,4,0,4
2026-02-03 18:10,Athletics_Deck,3,1,4
2026-02-03 18:10,Haley_Deck,1,1,2
2026-02-03 18:15,Stadium_Deck,4,0,4
2026-02-03 18:15,Athletics_Deck,4,0,4
2026-02-03 18:15,Haley_Deck,1,1,2
2026-02-03 18:20,Stadium_Deck,4,0,4
2026-02-03 18:20,Athletics_Deck,4,0,4
2026-02-03 18:20,Haley_Deck,1,1,2
2026-02-03 18:25,Stadium_Deck,4,0,4
2026-02-03 18:25,Athletics_Deck,4,0,4
2026-02-03 18:25,Haley_Deck,1,1,2
2026-02-03 18:30,Stadium_Deck,4,0,4
2026-02-03 18:30,Athletics_Deck,4,0,4
2026-02-03 18:30,Haley_Deck,1,1,2
2026-02-03 18:35,Stadium_Deck,4,0,4
2026-02-03 18:35,Athletics_Deck,4,0,4
2026-02-03 18:35,Haley_Deck,1,1,2
2026-02-03 18:40,Stadium_Deck,3,1,4
2026-02-03 18:40,Athletics_Deck,4,0,4
2026-02-03 18:40,Haley_Deck,1,1,2
2026-02-03 18:45,Stadium_Deck,4,0,4
2026-02-03 18:45,Athletics_Deck,4,0,4
2026-02-03 18:45,Haley_Deck,1,1,2
2026-02-03 18:50,Stadium_Deck,4,0,4
2026-02-03 18:50,Athletics_Deck,4,0,4
2026-02-03 18:50,Haley_Deck,1,1,2
2026-02-03 18:55,Stadium_Deck,4,0,4
2026-02-03 18:55,Athletics_Deck,4,0,4
2026-02-03 18:55,Haley_Deck,1,1,2
2026-02-03 19:00,Stadium_Deck,4,0,4
2026-02-03 19:00,Athletics_Deck,4,0,4
2026-02-03 19:00,Haley_Deck,1,1,2
2026-02-03 19:05,Stadium_Deck,3,1,4
2026-02-03 19:05,Athletics_Deck,4,0,4
2026-02-03 19:05,Haley_Deck,1,1,2
2026-02-03 19:10,Stadium_Deck,3,1,4
2026-02-03 19:10,Athletics_Deck,4,0,4
2026-02-03 19:10,Haley_Deck,1,1,2
2026-02-03 19:15,Stadium_Deck,1,3,4
2026-02-03 19:15,Athletics_Deck,4,0,4
2026-02-03 19:15,Haley_Deck,1,1,2
2026-02-03 19:20,Stadium_Deck,4,0,4
2026-02-03 19:20,Athletics_Deck,3,1,4
2026-02-03 19:20,Haley_Deck,1,1,2
2026-02-03 19:25,Stadium_Deck,4,0,4
2026-02-03 19:25,Athletics_Deck,3,1,4
2026-02-03 19:25,Haley_Deck,1,1,2
2026-02-03 19:30,Stadium_Deck,4,0,4
2026-02-03 19:30,Athletics_Deck,3,1,4
2026-02-03 19:30,Haley_Deck,1,1,2
2026-02-03 19:35,Stadium_Deck,4,0,4
2026-02-03 19:35,Athletics_Deck,3,1,4
2026-02-03 19:35,Haley_Deck,1,1,2
2026-02-03 19:40,Stadium_Deck,4,0,4
2026-02-03 19:40,Athletics_Deck,3,1,4
2026-02-03 19:40,Haley_Deck,1,1,2
2026-02-03 19:45,Stadium_Deck,2,2,4
2026-02-03 19:45,Athletics_Deck,3,1,4
2026-02-03 19:45,Haley_Deck,1,1,2
2026-02-03 19:50,Stadium_Deck,2,2,4
2026-02-03 19:50,Athletics_Deck,3,1,4
2026-02-03 19:50,Haley_Deck,1,1,2
2026-02-03 19:55,Stadium_Deck,2,2,4
2026-02-03 19:55,Athletics_Deck,3,1,4
2026-02-03 19:55,Haley_Deck,1,1,2
2026-02-03 20:00,Stadium_Deck,2,2,4
2026-02-03 20:00,Athletics_Deck,3,1,4
2026-02-03 20:00,Haley_Deck,1,1,2
2026-02-03 20:05,Stadium_Deck,2,2,4
2026-02-03 20:05,Athletics_Deck,3,1,4
2026-02-03 20:05,Haley_Deck,1,1,2
2026-02-03 20:10,Stadium_Deck,2,2,4
2026-02-03 20:10,Athletics_Deck,3,1,4
2026-02-03 20:10,Haley_Deck,1,1,2
2026-02-03 20:15,Stadium_Deck,2,2,4
2026-02-03 20:15,Athletics_Deck,3,1,4
2026-02-03 20:15,Haley_Deck,1,1,2
2026-02-03 20:20,Stadium_Deck,2,2,4
2026-02-03 20:20,Athletics_Deck,2,2,4
2026-02-03 20:20,Haley_Deck,1,1,2
2026-02-03 20:25,Stadium_Deck,3,1,4
2026-02-03 20:25,Athletics_Deck,2,2,4
2026-02-03 20:25,Haley_Deck,1,1,2
2026-02-03 20:30,Stadium_Deck,3,1,4
2026-02-03 20:30,Athletics_Deck,2,2,4
2026-02-03 20:30,Haley_Deck,1,1,2
2026-02-03 20:35,Stadium_Deck,3,1,4
2026-02-03 20:35,Athletics_Deck,2,2,4
2026-02-03 20:35,Haley_Deck,1,1,2
2026-02-03 20:40,Stadium_Deck,3,1,4
2026-02-03 20:40,Athletics_Deck,2,2,4
2026-02-03 20:40,Haley_Deck,1,1,2
2026-02-03 20:45,Stadium_Deck,2,2,4
2026-02-03 20:45,Athletics_Deck,2,2,4
2026-02-03 20:45,Haley_Deck,2,0,2
2026-02-03 20:50,Stadium_Deck,2,2,4
2026-02-03 20:50,Athletics_Deck,2,2,4
2026-02-03 20:50,Haley_Deck,2,0,2
2026-02-03 20:55,Stadium_Deck,3,1,4
2026-02-03 20:55,Athletics_Deck,2,2,4
2026-02-03 20:55,Haley_Deck,1,1,2
2026-02-03 21:00,Stadium_Deck,3,1,4
2026-02-03 21:00,Athletics_Deck,2,2,4
2026-02-03 21:00,Haley_Deck,1,1,2
2026-02-03 21:05,Stadium_Deck,2,2,4
2026-02-03 21:05,Athletics_Deck,2,2,4
2026-02-03 21:05,Haley_Deck,2,0,2
2026-02-03 21:10,Stadium_Deck,2,2,4
2026-02-03 21:10,Athletics_Deck,2,2,4
2026-02-03 21:10,Haley_Deck,2,0,2
2026-02-03 21:15,Stadium_Deck,3,1,4
2026-02-03 21:15,Athletics_Deck,2,2,4
2026-02-03 21:15,Haley_Deck,2,0,2
2026-02-03 21:20,Stadium_Deck,4,0,4
2026-02-03 21:20,Athletics_Deck,2,2,4
2026-02-03 21:20,Haley_Deck,2,0,2
2026-02-03 21:25,Stadium_Deck,4,0,4
2026-02-03 21:25,Athletics_Deck,2,2,4
2026-02-03 21:25,Haley_Deck,2,0,2
2026-02-03 21:30,Stadium_Deck,4,0,4
2026-02-03 21:30,Athletics_Deck,2,2,4
2026-02-03 21:30,Haley_Deck,1,1,2
2026-02-03 21:35,Stadium_Deck,4,0,4
2026-02-03 21:35,Athletics_Deck,2,2,4
2026-02-03 21:35,Haley_Deck,1,1,2
2026-02-03 21:40,Stadium_Deck,2,2,4
2026-02-03 21:40,Athletics_Deck,2,2,4
2026-02-03 21:40,Haley_Deck,1,1,2
2026-02-03 21:45,Stadium_Deck,2,2,4
2026-02-03 21:45,Athletics_Deck,2,2,4
2026-02-03 21:45,Haley_Deck,1,1,2
2026-02-03 21:50,Stadium_Deck,1,3,4
2026-02-03 21:50,Athletics_Deck,2,2,4
2026-02-03 21:50,Haley_Deck,1,1,2
2026-02-03 21:55,Stadium_Deck,1,3,4
2026-02-03 21:55,Athletics_Deck,2,2,4
2026-02-03 21:55,Haley_Deck,1,1,2
2026-02-03 22:00,Stadium_Deck,1,3,4
2026-02-03 22:00,Athletics_Deck,2,2,4
2026-02-03 22:00,Haley_Deck,1,1,2
2026-02-03 22:05,Stadium_Deck,1,3,4
2026-02-03 22:05,Athletics_Deck,2,2,4
2026-02-03 22:05,Haley_Deck,1,1,2
2026-02-03 22:10,Stadium_Deck,1,3,4
2026-02-03 22:10,Athletics_Deck,2,2,4
2026-02-03 22:10,Haley_Deck,1,1,2
2026-02-03 22:15,Stadium_Deck,1,3,4
2026-02-03 22:15,Athletics_Deck,2,2,4
2026-02-03 22:15,Haley_Deck,1,1,2
2026-02-03 22:20,Stadium_Deck,1,3,4
2026-02-03 22:20,Athletics_Deck,2,2,4
2026-02-03 22:20,Haley_Deck,1,1,2
2026-02-03 22:25,Stadium_Deck,1,3,4
2026-02-03 22:25,Athletics_Deck,2,2,4
2026-02-03 22:25,Haley_Deck,1,1,2
2026-02-03 22:30,Stadium_Deck,1,3,4
2026-02-03 22:30,Athletics_Deck,2,2,4
2026-02-03 22:30,Haley_Deck,1,1,2
2026-02-03 22:35,Stadium_Deck,1,3,4
2026-02-03 22:35,Athletics_Deck,2,2,4
2026-02-03 22:35,Haley_Deck,1,1,2
2026-02-03 22:40,Stadium_Deck,1,3,4
2026-02-03 22:40,Athletics_Deck,2,2,4
2026-02-03 22:40,Haley_Deck,2,0,2
2026-02-03 22:45,Stadium_Deck,1,3,4
2026-02-03 22:45,Athletics_Deck,2,2,4
2026-02-03 22:45,Haley_Deck,2,0,2
2026-02-03 22:50,Stadium_Deck,1,3,4
2026-02-03 22:50,Athletics_Deck,2,2,4
2026-02-03 22:50,Haley_Deck,1,1,2
2026-02-03 22:55,Stadium_Deck,1,3,4
2026-02-03 22:55,Athletics_Deck,2,2,4
2026-02-03 22:55,Haley_Deck,1,1,2
2026-02-03 23:00,Stadium_Deck,1,3,4
2026-02-03 23:00,Athletics_Deck,2,2,4
2026-02-03 23:00,Haley_Deck,1,1,2
2026-02-03 23:05,Stadium_Deck,1,3,4
2026-02-03 23:05,Athletics_Deck,2,2,4
2026-02-03 23:05,Haley_Deck,1,1,2
2026-02-03 23:10,Stadium_Deck,1,3,4
2026-02-03 23:10,Athletics_Deck,2,2,4
2026-02-03 23:10,Haley_Deck,1,1,2
2026-02-03 23:15,Stadium_Deck,1,3,4
2026-02-03 23:15,Athletics_Deck,2,2,4
2026-02-03 23:15,Haley_Deck,1,1,2
2026-02-03 23:20,Stadium_Deck,1,3,4
2026-02-03 23:20,Athletics_Deck,2,2,4
2026-02-03 23:20,Haley_Deck,1,1,2
2026-02-03 23:25,Stadium_Deck,1,3,4
2026-02-03 23:25,Athletics_Deck,2,2,4
2026-02-03 23:25,Haley_Deck,1,1,2
2026-02-03 23:30,Stadium_Deck,1,3,4
2026-02-03 23:30,Athletics_Deck,2,2,4
2026-02-03 23:30,Haley_Deck,1,1,2
2026-02-03 23:35,Stadium_Deck,1,3,4
2026-02-03 23:35,Athletics_Deck,2,2,4
2026-02-03 23:35,Haley_Deck,1,1,2
2026-02-03 23:40,Stadium_Deck,1,3,4
2026-02-03 23:40,Athletics_Deck,2,2,4
2026-02-03 23:40,Haley_Deck,1,1,2
2026-02-03 23:45,Stadium_Deck,1,3,4
2026-02-03 23:45,Athletics_Deck,2,2,4
2026-02-03 23:45,Haley_Deck,1,1,2
2026-02-03 23:50,Stadium_Deck,1,3,4
2026-02-03 23:50,Athletics_Deck,2,2,4
2026-02-03 23:50,Haley_Deck,1,1,2
2026-02-03 23:55,Stadium_Deck,1,3,4
2026-02-03 23:55,Athletics_Deck,2,2,4
2026-02-03 23:55,Haley_Deck,1,1,2
2026-02-04 00:00,Stadium_Deck,1,3,4
2026-02-04 00:00,Athletics_Deck,2,2,4
2026-02-04 00:00,Haley_Deck,1,1,2
2026-02-04 00:05,Stadium_Deck,1,3,4
2026-02-04 00:05,Athletics_Deck,2,2,4
2026-02-04 00:05,Haley_Deck,1,1,2
2026-02-04 00:10,Stadium_Deck,1,3,4
2026-02-04 00:10,Athletics_Deck,2,2,4
2026-02-04 00:10,Haley_Deck,1,1,2
2026-02-04 00:15,Stadium_Deck,1,3,4
2026-02-04 00:15,Athletics_Deck,2,2,4
2026-02-04 00:15,Haley_Deck,1,1,2
2026-02-04 00:20,Stadium_Deck,1,3,4
2026-02-04 00:20,Athletics_Deck,2,2,4
2026-02-04 00:20,Haley_Deck,1,1,2
2026-02-04 00:25,Stadium_Deck,1,3,4
2026-02-04 00:25,Athletics_Deck,2,2,4
2026-02-04 00:25,Haley_Deck,2,0,2
2026-02-04 00:30,Stadium_Deck,1,3,4
2026-02-04 00:30,Athletics_Deck,2,2,4
2026-02-04 00:30,Haley_Deck,2,0,2
2026-02-04 00:35,Stadium_Deck,1,3,4
2026-02-04 00:35,Athletics_Deck,2,2,4
2026-02-04 00:35,Haley_Deck,2,0,2
2026-02-04 00:40,Stadium_Deck,1,3,4
2026-02-04 00:40,Athletics_Deck,2,2,4
2026-02-04 00:40,Haley_Deck,2,0,2
2026-02-04 00:45,Stadium_Deck,1,3,4
2026-02-04 00:45,Athletics_Deck,2,2,4
2026-02-04 00:45,Haley_Deck,2,0,2
2026-02-04 00:50,Stadium_Deck,1,3,4
2026-02-04 00:50,Athletics_Deck,2,2,4
2026-02-04 00:50,Haley_Deck,2,0,2
2026-02-04 00:55,Stadium_Deck,1,3,4
2026-02-04 00:55,Athletics_Deck,2,2,4
2026-02-04 00:55,Haley_Deck,2,0,2
2026-02-04 01:00,Stadium_Deck,1,3,4
2026-02-04 01:00,Athletics_Deck,2,2,4
2026-02-04 01:00,Haley_Deck,2,0,2
2026-02-04 01:05,Stadium_Deck,1,3,4
2026-02-04 01:05,Athletics_Deck,2,2,4
2026-02-04 01:05,Haley_Deck,2,0,2
2026-02-04 01:10,Stadium_Deck,1,3,4
2026-02-04 01:10,Athletics_Deck,2,2,4
2026-02-04 01:10,Haley_Deck,2,0,2
2026-02-04 01:15,Stadium_Deck,1,3,4
2026-02-04 01:15,Athletics_Deck,2,2,4
2026-02-04 01:15,Haley_Deck,2,0,2
2026-02-04 01:20,Stadium_Deck,1,3,4
2026-02-04 01:20,Athletics_Deck,2,2,4
2026-02-04 01:20,Haley_Deck,2,0,2
2026-02-04 01:25,Stadium_Deck,1,3,4
2026-02-04 01:25,Athletics_Deck,2,2,4
2026-02-04 01:25,Haley_Deck,2,0,2
2026-02-04 01:30,Stadium_Deck,1,3,4
2026-02-04 01:30,Athletics_Deck,2,2,4
2026-02-04 01:30,Haley_Deck,2,0,2
2026-02-04 01:35,Stadium_Deck,1,3,4
2026-02-04 01:35,Athletics_Deck,2,2,4
2026-02-04 01:35,Haley_Deck,2,0,2
2026-02-04 01:40,Stadium_Deck,1,3,4
2026-02-04 01:40,Athletics_Deck,2,2,4
2026-02-04 01:40,Haley_Deck,2,0,2
2026-02-04 01:45,Stadium_Deck,1,3,4
2026-02-04 01:45,Athletics_Deck,2,2,4
2026-02-04 01:45,Haley_Deck,2,0,2
2026-02-04 01:50,Stadium_Deck,1,3,4
2026-02-04 01:50,Athletics_Deck,2,2,4
2026-02-04 01:50,Haley_Deck,2,0,2
2026-02-04 01:55,Stadium_Deck,1,3,4
2026-02-04 01:55,Athletics_Deck,2,2,4
2026-02-04 01:55,Haley_Deck,2,0,2
2026-02-04 02:00,Stadium_Deck,1,3,4
2026-02-04 02:00,Athletics_Deck,2,2,4
2026-02-04 02:00,Haley_Deck,2,0,2
2026-02-04 02:05,Stadium_Deck,1,3,4
2026-02-04 02:05,Athletics_Deck,2,2,4
2026-02-04 02:05,Haley_Deck,2,0,2
2026-02-04 02:10,Stadium_Deck,1,3,4
2026-02-04 02:10,Athletics_Deck,2,2,4
2026-02-04 02:10,Haley_Deck,2,0,2
2026-02-04 02:15,Stadium_Deck,1,3,4
2026-02-04 02:15,Athletics_Deck,2,2,4
2026-02-04 02:15,Haley_Deck,2,0,2
2026-02-04 02:20,Stadium_Deck,1,3,4
2026-02-04 02:20,Athletics_Deck,2,2,4
2026-02-04 02:20,Haley_Deck,2,0,2
2026-02-04 02:25,Stadium_Deck,1,3,4
2026-02-04 02:25,Athletics_Deck,2,2,4
2026-02-04 02:25,Haley_Deck,2,0,2
2026-02-04 02:30,Stadium_Deck,1,3,4
2026-02-04 02:30,Athletics_Deck,2,2,4
2026-02-04 02:30,Haley_Deck,2,0,2
2026-02-04 02:35,Stadium_Deck,1,3,4
2026-02-04 02:35,Athletics_Deck,2,2,4
2026-02-04 02:35,Haley_Deck,2,0,2
2026-02-04 02:40,Stadium_Deck,1,3,4
2026-02-04 02:40,Athletics_Deck,2,2,4
2026-02-04 02:40,Haley_Deck,2,0,2
2026-02-04 02:45,Stadium_Deck,1,3,4
2026-02-04 02:45,Athletics_Deck,2,2,4
2026-02-04 02:45,Haley_Deck,2,0,2
2026-02-04 02:50,Stadium_Deck,1,3,4
2026-02-04 02:50,Athletics_Deck,2,2,4
2026-02-04 02:50,Haley_Deck,2,0,2
2026-02-04 02:55,Stadium_Deck,1,3,4
2026-02-04 02:55,Athletics_Deck,2,2,4
2026-02-04 02:55,Haley_Deck,2,0,2
2026-02-04 03:00,Stadium_Deck,1,3,4
2026-02-04 03:00,Athletics_Deck,2,2,4
2026-02-04 03:00,Haley_Deck,2,0,2
2026-02-04 03:05,Stadium_Deck,1,3,4
2026-02-04 03:05,Athletics_Deck,2,2,4
2026-02-04 03:05,Haley_Deck,2,0,2
2026-02-04 03:10,Stadium_Deck,1,3,4
2026-02-04 03:10,Athletics_Deck,2,2,4
2026-02-04 03:10,Haley_Deck,2,0,2
2026-02-04 03:15,Stadium_Deck,1,3,4
2026-02-04 03:15,Athletics_Deck,2,2,4
2026-02-04 03:15,Haley_Deck,2,0,2
2026-02-04 03:20,Stadium_Deck,1,3,4
2026-02-04 03:20,Athletics_Deck,2,2,4
2026-02-04 03:20,Haley_Deck,2,0,2
2026-02-04 03:25,Stadium_Deck,1,3,4
2026-02-04 03:25,Athletics_Deck,2,2,4
2026-02-04 03:25,Haley_Deck,2,0,2
2026-02-04 03:30,Stadium_Deck,1,3,4
2026-02-04 03:30,Athletics_Deck,2,2,4
2026-02-04 03:30,Haley_Deck,2,0,2
2026-02-04 03:35,Stadium_Deck,1,3,4
2026-02-04 03:35,Athletics_Deck,2,2,4
2026-02-04 03:35,Haley_Deck,2,0,2
2026-02-04 03:40,Stadium_Deck,1,3,4
2026-02-04 03:40,Athletics_Deck,2,2,4
2026-02-04 03:40,Haley_Deck,2,0,2
2026-02-04 03:45,Stadium_Deck,1,3,4
2026-02-04 03:45,Athletics_Deck,2,2,4
2026-02-04 03:45,Haley_Deck,2,0,2
2026-02-04 03:50,Stadium_Deck,1,3,4
2026-02-04 03:50,Athletics_Deck,2,2,4
2026-02-04 03:50,Haley_Deck,2,0,2
2026-02-04 03:55,Stadium_Deck,1,3,4
2026-02-04 03:55,Athletics_Deck,2,2,4
2026-02-04 03:55,Haley_Deck,2,0,2
2026-02-04 04:00,Stadium_Deck,1,3,4
2026-02-04 04:00,Athletics_Deck,2,2,4
2026-02-04 04:00,Haley_Deck,2,0,2
2026-02-04 04:05,Stadium_Deck,1,3,4
2026-02-04 04:05,Athletics_Deck,2,2,4
2026-02-04 04:05,Haley_Deck,2,0,2
2026-02-04 04:10,Stadium_Deck,1,3,4
2026-02-04 04:10,Athletics_Deck,2,2,4
2026-02-04 04:10,Haley_Deck,2,0,2
2026-02-04 04:15,Stadium_Deck,1,3,4
2026-02-04 04:15,Athletics_Deck,2,2,4
2026-02-04 04:15,Haley_Deck,2,0,2
2026-02-04 04:20,Stadium_Deck,1,3,4
2026-02-04 04:20,Athletics_Deck,2,2,4
2026-02-04 04:20,Haley_Deck,2,0,2
2026-02-04 04:25,Stadium_Deck,1,3,4
2026-02-04 04:25,Athletics_Deck,2,2,4
2026-02-04 04:25,Haley_Deck,2,0,2
2026-02-04 04:30,Stadium_Deck,1,3,4
2026-02-04 04:30,Athletics_Deck,2,2,4
2026-02-04 04:30,Haley_Deck,2,0,2
2026-02-04 04:35,Stadium_Deck,1,3,4
2026-02-04 04:35,Athletics_Deck,2,2,4
2026-02-04 04:35,Haley_Deck,2,0,2
2026-02-04 04:40,Stadium_Deck,1,3,4
2026-02-04 04:40,Athletics_Deck,2,2,4
2026-02-04 04:40,Haley_Deck,2,0,2
2026-02-04 04:45,Stadium_Deck,1,3,4
2026-02-04 04:45,Athletics_Deck,2,2,4
2026-02-04 04:45,Haley_Deck,2,0,2
2026-02-04 04:50,Stadium_Deck,1,3,4
2026-02-04 04:50,Athletics_Deck,2,2,4
2026-02-04 04:50,Haley_Deck,2,0,2
2026-02-04 04:55,Stadium_Deck,1,3,4
2026-02-04 04:55,Athletics_Deck,2,2,4
2026-02-04 04:55,Haley_Deck,2,0,2
2026-02-04 05:00,Stadium_Deck,1,3,4
2026-02-04 05:00,Athletics_Deck,2,2,4
2026-02-04 05:00,Haley_Deck,2,0,2
2026-02-04 05:05,Stadium_Deck,1,3,4
2026-02-04 05:05,Athletics_Deck,2,2,4
2026-02-04 05:05,Haley_Deck,2,0,2
2026-02-04 05:10,Stadium_Deck,1,3,4
2026-02-04 05:10,Athletics_Deck,2,2,4
2026-02-04 05:10,Haley_Deck,2,0,2
2026-02-04 05:15,Stadium_Deck,1,3,4
2026-02-04 05:15,Athletics_Deck,2,2,4
2026-02-04 05:15,Haley_Deck,2,0,2
2026-02-04 05:20,Stadium_Deck,1,3,4
2026-02-04 05:20,Athletics_Deck,2,2,4
2026-02-04 05:20,Haley_Deck,2,0,2
2026-02-04 05:25,Stadium_Deck,1,3,4
2026-02-04 05:25,Athletics_Deck,2,2,4
2026-02-04 05:25,Haley_Deck,2,0,2
2026-02-04 05:30,Stadium_Deck,2,2,4
2026-02-04 05:30,Athletics_Deck,2,2,4
2026-02-04 05:30,Haley_Deck,2,0,2
2026-02-04 05:35,Stadium_Deck,2,2,4
2026-02-04 05:35,Athletics_Deck,2,2,4
2026-02-04 05:35,Haley_Deck,2,0,2
2026-02-04 05:40,Stadium_Deck,2,2,4
2026-02-04 05:40,Athletics_Deck,2,2,4
2026-02-04 05:40,Haley_Deck,2,0,2
2026-02-04 05:45,Stadium_Deck,2,2,4
2026-02-04 05:45,Athletics_Deck,2,2,4
2026-02-04 05:45,Haley_Deck,2,0,2
2026-02-04 05:50,Stadium_Deck,2,2,4
2026-02-04 05:50,Athletics_Deck,2,2,4
2026-02-04 05:50,Haley_Deck,2,0,2
2026-02-04 05:55,Stadium_Deck,2,2,4
2026-02-04 05:55,Athletics_Deck,2,2,4
2026-02-04 05:55,Haley_Deck,2,0,2
2026-02-04 06:00,Stadium_Deck,2,2,4
2026-02-04 06:00,Athletics_Deck,2,2,4
2026-02-04 06:00,Haley_Deck,2,0,2
2026-02-04 06:05,Stadium_Deck,3,1,4
2026-02-04 06:05,Athletics_Deck,2,2,4
2026-02-04 06:05,Haley_Deck,2,0,2
2026-02-04 06:10,Stadium_Deck,3,1,4
2026-02-04 06:10,Athletics_Deck,2,2,4
2026-02-04 06:10,Haley_Deck,2,0,2
2026-02-04 06:15,Stadium_Deck,3,1,4
2026-02-04 06:15,Athletics_Deck,2,2,4
2026-02-04 06:15,Haley_Deck,2,0,2
2026-02-04 06:20,Stadium_Deck,3,1,4
2026-02-04 06:20,Athletics_Deck,2,2,4
2026-02-04 06:20,Haley_Deck,2,0,2
2026-02-04 06:25,Stadium_Deck,3,1,4
2026-02-04 06:25,Athletics_Deck,2,2,4
2026-02-04 06:25,Haley_Deck,2,0,2
2026-02-04 06:30,Stadium_Deck,3,1,4
2026-02-04 06:30,Athletics_Deck,2,2,4
2026-02-04 06:30,Haley_Deck,2,0,2
2026-02-04 06:35,Stadium_Deck,3,1,4
2026-02-04 06:35,Athletics_Deck,2,2,4
2026-02-04 06:35,Haley_Deck,2,0,2
2026-02-04 06:40,Stadium_Deck,4,0,4
2026-02-04 06:40,Athletics_Deck,3,1,4
2026-02-04 06:40,Haley_Deck,2,0,2
2026-02-04 06:45,Stadium_Deck,4,0,4
2026-02-04 06:45,Athletics_Deck,3,1,4
2026-02-04 06:45,Haley_Deck,1,1,2
2026-02-04 06:50,Stadium_Deck,4,0,4
2026-02-04 06:50,Athletics_Deck,3,1,4
2026-02-04 06:50,Haley_Deck,1,1,2
2026-02-04 06:55,Stadium_Deck,4,0,4
2026-02-04 06:55,Athletics_Deck,1,3,4
2026-02-04 06:55,Haley_Deck,1,1,2
2026-02-04 07:00,Stadium_Deck,3,1,4
2026-02-04 07:00,Athletics_Deck,2,2,4
2026-02-04 07:00,Haley_Deck,1,1,2
2026-02-04 07:05,Stadium_Deck,4,0,4
2026-02-04 07:05,Athletics_Deck,3,1,4
2026-02-04 07:05,Haley_Deck,1,1,2
2026-02-04 07:10,Stadium_Deck,4,0,4
2026-02-04 07:10,Athletics_Deck,2,2,4
2026-02-04 07:10,Haley_Deck,1,1,2
2026-02-04 07:15,Stadium_Deck,4,0,4
2026-02-04 07:15,Athletics_Deck,2,2,4
2026-02-04 07:15,Haley_Deck,1,1,2
2026-02-04 07:20,Stadium_Deck,3,1,4
2026-02-04 07:20,Athletics_Deck,3,1,4
2026-02-04 07:20,Haley_Deck,1,1,2
2026-02-04 07:25,Stadium_Deck,4,0,4
2026-02-04 07:25,Athletics_Deck,3,1,4
2026-02-04 07:25,Haley_Deck,1,1,2
2026-02-04 07:30,Stadium_Deck,4,0,4
2026-02-04 07:30,Athletics_Deck,3,1,4
2026-02-04 07:30,Haley_Deck,1,1,2
2026-02-04 07:35,Stadium_Deck,4,0,4
2026-02-04 07:35,Athletics_Deck,3,1,4
2026-02-04 07:35,Haley_Deck,2,0,2
2026-02-04 07:40,Stadium_Deck,4,0,4
2026-02-04 07:40,Athletics_Deck,3,1,4
2026-02-04 07:40,Haley_Deck,2,0,2
2026-02-04 07:45,Stadium_Deck,4,0,4
2026-02-04 07:45,Athletics_Deck,3,1,4
2026-02-04 07:45,Haley_Deck,2,0,2
2026-02-04 07:50,Stadium_Deck,4,0,4
2026-02-04 07:50,Athletics_Deck,3,1,4
2026-02-04 07:50,Haley_Deck,2,0,2
2026-02-04 07:55,Stadium_Deck,4,0,4
2026-02-04 07:55,Athletics_Deck,3,1,4
2026-02-04 07:55,Haley_Deck,2,0,2
2026-02-04 08:00,Stadium_Deck,4,0,4
2026-02-04 08:00,Athletics_Deck,2,2,4
2026-02-04 08:00,Haley_Deck,2,0,2
2026-02-04 08:05,Stadium_Deck,4,0,4
2026-02-04 08:05,Athletics_Deck,3,1,4
2026-02-04 08:05,Haley_Deck,2,0,2
2026-02-04 08:10,Stadium_Deck,4,0,4
2026-02-04 08:10,Athletics_Deck,4,0,4
2026-02-04 08:10,Haley_Deck,2,0,2
2026-02-04 08:15,Stadium_Deck,4,0,4
2026-02-04 08:15,Athletics_Deck,4,0,4
2026-02-04 08:15,Haley_Deck,2,0,2
2026-02-04 08:20,Stadium_Deck,4,0,4
2026-02-04 08:20,Athletics_Deck,4,0,4
2026-02-04 08:20,Haley_Deck,2,0,2
2026-02-04 08:25,Stadium_Deck,4,0,4
2026-02-04 08:25,Athletics_Deck,4,0,4
2026-02-04 08:25,Haley_Deck,2,0,2
2026-02-04 08:30,Stadium_Deck,4,0,4
2026-02-04 08:30,Athletics_Deck,3,1,4
2026-02-04 08:30,Haley_Deck,2,0,2
2026-02-04 08:35,Stadium_Deck,4,0,4
2026-02-04 08:35,Athletics_Deck,4,0,4
2026-02-04 08:35,Haley_Deck,2,0,2
2026-02-04 08:40,Stadium_Deck,4,0,4
2026-02-04 08:40,Athletics_Deck,4,0,4
2026-02-04 08:40,Haley_Deck,2,0,2
2026-02-04 08:45,Stadium_Deck,4,0,4
2026-02-04 08:45,Athletics_Deck,4,0,4
2026-02-04 08:45,Haley_Deck,2,0,2
2026-02-04 08:50,Stadium_Deck,4,0,4
2026-02-04 08:50,Athletics_Deck,4,0,4
2026-02-04 08:50,Haley_Deck,2,0,2
2026-02-04 08:55,Stadium_Deck,4,0,4
2026-02-04 08:55,Athletics_Deck,4,0,4
2026-02-04 08:55,Haley_Deck,2,0,2
2026-02-04 09:00,Stadium_Deck,4,0,4
2026-02-04 09:00,Athletics_Deck,4,0,4
2026-02-04 09:00,Haley_Deck,2,0,2
2026-02-04 09:05,Stadium_Deck,4,0,4
2026-02-04 09:05,Athletics_Deck,4,0,4
2026-02-04 09:05,Haley_Deck,2,0,2
2026-02-04 09:10,Stadium_Deck,4,0,4
2026-02-04 09:10,Athletics_Deck,4,0,4
2026-02-04 09:10,Haley_Deck,2,0,2
2026-02-04 09:15,Stadium_Deck,4,0,4
2026-02-04 09:15,Athletics_Deck,4,0,4
2026-02-04 09:15,Haley_Deck,2,0,2
2026-02-04 09:20,Stadium_Deck,4,0,4
2026-02-04 09:20,Athletics_Deck,4,0,4
2026-02-04 09:20,Haley_Deck,2,0,2
2026-02-04 09:25,Stadium_Deck,4,0,4
2026-02-04 09:25,Athletics_Deck,4,0,4
2026-02-04 09:25,Haley_Deck,2,0,2
2026-02-04 09:30,Stadium_Deck,4,0,4
2026-02-04 09:30,Athletics_Deck,4,0,4
2026-02-04 09:30,Haley_Deck,2,0,2
2026-02-04 09:35,Stadium_Deck,4,0,4
2026-02-04 09:35,Athletics_Deck,4,0,4
2026-02-04 09:35,Haley_Deck,2,0,2
2026-02-04 09:40,Stadium_Deck,4,0,4
2026-02-04 09:40,Athletics_Deck,4,0,4
2026-02-04 09:40,Haley_Deck,2,0,2
2026-02-04 09:45,Stadium_Deck,4,0,4
2026-02-04 09:45,Athletics_Deck,4,0,4
2026-02-04 09:45,Haley_Deck,2,0,2
2026-02-04 09:50,Stadium_Deck,4,0,4
2026-02-04 09:50,Athletics_Deck,4,0,4
2026-02-04 09:50,Haley_Deck,2,0,2
2026-02-04 09:55,Stadium_Deck,4,0,4
2026-02-04 09:55,Athletics_Deck,4,0,4
2026-02-04 09:55,Haley_Deck,2,0,2
2026-02-04 10:00,Stadium_Deck,4,0,4
2026-02-04 10:00,Athletics_Deck,4,0,4
2026-02-04 10:00,Haley_Deck,2,0,2
2026-02-04 10:05,Stadium_Deck,4,0,4
2026-02-04 10:05,Athletics_Deck,4,0,4
2026-02-04 10:05,Haley_Deck,2,0,2
2026-02-04 10:10,Stadium_Deck,4,0,4
2026-02-04 10:10,Athletics_Deck,4,0,4
2026-02-04 10:10,Haley_Deck,1,1,2
2026-02-04 10:15,Stadium_Deck,4,0,4
2026-02-04 10:15,Athletics_Deck,4,0,4
2026-02-04 10:15,Haley_Deck,2,0,2
2026-02-04 10:20,Stadium_Deck,4,0,4
2026-02-04 10:20,Athletics_Deck,3,1,4
2026-02-04 10:20,Haley_Deck,2,0,2
2026-02-04 10:25,Stadium_Deck,4,0,4
2026-02-04 10:25,Athletics_Deck,3,1,4
2026-02-04 10:25,Haley_Deck,2,0,2
2026-02-04 10:30,Stadium_Deck,4,0,4
2026-02-04 10:30,Athletics_Deck,4,0,4
2026-02-04 10:30,Haley_Deck,2,0,2
2026-02-04 10:35,Stadium_Deck,4,0,4
2026-02-04 10:35,Athletics_Deck,4,0,4
2026-02-04 10:35,Haley_Deck,2,0,2
2026-02-04 10:40,Stadium_Deck,4,0,4
2026-02-04 10:40,Athletics_Deck,4,0,4
2026-02-04 10:40,Haley_Deck,2,0,2
2026-02-04 10:45,Stadium_Deck,4,0,4
2026-02-04 10:45,Athletics_Deck,4,0,4
2026-02-04 10:45,Haley_Deck,2,0,2
2026-02-04 10:50,Stadium_Deck,4,0,4
2026-02-04 10:50,Athletics_Deck,4,0,4
2026-02-04 10:50,Haley_Deck,2,0,2
2026-02-04 10:55,Stadium_Deck,4,0,4
2026-02-04 10:55,Athletics_Deck,4,0,4
2026-02-04 10:55,Haley_Deck,2,0,2
2026-02-04 11:00,Stadium_Deck,4,0,4
2026-02-04 11:00,Athletics_Deck,4,0,4
2026-02-04 11:00,Haley_Deck,2,0,2
2026-02-04 11:05,Stadium_Deck,4,0,4
2026-02-04 11:05,Athletics_Deck,4,0,4
2026-02-04 11:05,Haley_Deck,2,0,2
2026-02-04 11:10,Stadium_Deck,4,0,4
2026-02-04 11:10,Athletics_Deck,4,0,4
2026-02-04 11:10,Haley_Deck,2,0,2
2026-02-04 11:15,Stadium_Deck,4,0,4
2026-02-04 11:15,Athletics_Deck,4,0,4
2026-02-04 11:15,Haley_Deck,2,0,2
2026-02-04 11:20,Stadium_Deck,4,0,4
2026-02-04 11:20,Athletics_Deck,4,0,4
2026-02-04 11:20,Haley_Deck,2,0,2
2026-02-04 11:25,Stadium_Deck,4,0,4
2026-02-04 11:25,Athletics_Deck,4,0,4
2026-02-04 11:25,Haley_Deck,2,0,2
2026-02-04 11:30,Stadium_Deck,4,0,4
2026-02-04 11:30,Athletics_Deck,4,0,4
2026-02-04 11:30,Haley_Deck,2,0,2
2026-02-04 11:35,Stadium_Deck,4,0,4
2026-02-04 11:35,Athletics_Deck,4,0,4
2026-02-04 11:35,Haley_Deck,2,0,2
2026-02-04 11:40,Stadium_Deck,4,0,4
2026-02-04 11:40,Athletics_Deck,4,0,4
2026-02-04 11:40,Haley_Deck,2,0,2
2026-02-04 11:55,Stadium_Deck,4,0,4
2026-02-04 11:55,Athletics_Deck,3,1,4
2026-02-04 11:55,Haley_Deck,2,0,2
2026-02-04 12:13,Stadium_Deck,4,0,4
2026-02-04 12:13,Athletics_Deck,3,1,4
2026-02-04 12:13,Haley_Deck,2,0,2
